INSERT [dbo].[AspNetUsers] ([Id], [Email], [EmailConfirmed], [PasswordHash], [SecurityStamp], [PhoneNumber], [PhoneNumberConfirmed], [TwoFactorEnabled], [LockoutEndDateUtc], [LockoutEnabled], [AccessFailedCount], [UserName], [Name]) VALUES (N'5aaceb13-ed0a-407a-b7ec-7c4639442aa9', N'shawn@output.com', 0, N'AIT6lJ/QEmK5Acx99UzxEh4BhSnxrV+vYL7gatwkujSZafdyyd3f5GKNse1t9QqIrA==', N'c933373f-18a9-4e90-8918-cdb8a30f157e', NULL, 0, 0, NULL, 1, 0, N'shawn@output.com', N'Shawn Hennessy')
GO
INSERT [dbo].[AspNetUsers] ([Id], [Email], [EmailConfirmed], [PasswordHash], [SecurityStamp], [PhoneNumber], [PhoneNumberConfirmed], [TwoFactorEnabled], [LockoutEndDateUtc], [LockoutEnabled], [AccessFailedCount], [UserName], [Name]) VALUES (N'ab582877-ddbb-4255-94de-e65485058156', N'jpj@wearehere.com', 0, N'AMGZJZap50hHr1A/5vL5Q8sOpMWhXE/HvvRjJA+wWR5QbXQ/Dg4NnEYJAwpp8sHqXQ==', N'5c1e3e42-8a6c-42c5-8b97-80486f862972', NULL, 0, 0, NULL, 1, 0, N'jpj@wearehere.com', N'Jupiter Ascending')
GO
INSERT [dbo].[AspNetUsers] ([Id], [Email], [EmailConfirmed], [PasswordHash], [SecurityStamp], [PhoneNumber], [PhoneNumberConfirmed], [TwoFactorEnabled], [LockoutEndDateUtc], [LockoutEnabled], [AccessFailedCount], [UserName], [Name]) VALUES (N'c12b17d1-bd3c-4070-ac0a-27740a5a10c1', N'john@gigs.com', 0, N'AFtk0+qkKPBNm7L7fugeTRnDmZwxDjX44I6JTNi2ejnYMEO+18QbykHC4l0SAYPBFw==', N'4f7280c2-92f0-4063-841e-7ee408d22c18', NULL, 0, 0, NULL, 1, 0, N'john@gigs.com', N'John')
GO
INSERT [dbo].[AspNetUsers] ([Id], [Email], [EmailConfirmed], [PasswordHash], [SecurityStamp], [PhoneNumber], [PhoneNumberConfirmed], [TwoFactorEnabled], [LockoutEndDateUtc], [LockoutEnabled], [AccessFailedCount], [UserName], [Name]) VALUES (N'c53847a5-7014-40e0-a5fb-9f2fd4724b79', N'vison@tutorial.com', 0, N'AH4uacPc99J58SvKDqiCsRU1B0cG5bewJaBz5ADnrAX+aQMkmnwhjJE929WfH3pnVA==', N'aa3e841e-6d64-4b6d-ad6d-4f8c5169d61e', NULL, 0, 0, NULL, 1, 0, N'vison@tutorial.com', N'Miles Davis')
GO
INSERT [dbo].[Followings] ([FollowerId], [FolloweeId]) VALUES (N'ab582877-ddbb-4255-94de-e65485058156', N'ab582877-ddbb-4255-94de-e65485058156')
GO
INSERT [dbo].[Followings] ([FollowerId], [FolloweeId]) VALUES (N'c12b17d1-bd3c-4070-ac0a-27740a5a10c1', N'ab582877-ddbb-4255-94de-e65485058156')
GO
INSERT [dbo].[Followings] ([FollowerId], [FolloweeId]) VALUES (N'5aaceb13-ed0a-407a-b7ec-7c4639442aa9', N'c53847a5-7014-40e0-a5fb-9f2fd4724b79')
GO
INSERT [dbo].[Followings] ([FollowerId], [FolloweeId]) VALUES (N'ab582877-ddbb-4255-94de-e65485058156', N'c53847a5-7014-40e0-a5fb-9f2fd4724b79')
GO
INSERT [dbo].[Followings] ([FollowerId], [FolloweeId]) VALUES (N'c12b17d1-bd3c-4070-ac0a-27740a5a10c1', N'c53847a5-7014-40e0-a5fb-9f2fd4724b79')
GO
INSERT [dbo].[Genres] ([Id], [Name]) VALUES (1, N'Jazz')
GO
INSERT [dbo].[Genres] ([Id], [Name]) VALUES (2, N'Blues')
GO
INSERT [dbo].[Genres] ([Id], [Name]) VALUES (3, N'Rock')
GO
INSERT [dbo].[Genres] ([Id], [Name]) VALUES (4, N'Country')
GO
SET IDENTITY_INSERT [dbo].[Gigs] ON 

GO
INSERT [dbo].[Gigs] ([Id], [DateTime], [Venue], [ArtistId], [GenreId], [IsCanceled]) VALUES (1, CAST(N'2016-11-20T19:00:00.000' AS DateTime), N'Town Hall', N'c53847a5-7014-40e0-a5fb-9f2fd4724b79', 3, 0)
GO
INSERT [dbo].[Gigs] ([Id], [DateTime], [Venue], [ArtistId], [GenreId], [IsCanceled]) VALUES (2, CAST(N'2016-11-20T19:00:00.000' AS DateTime), N'Town Hall', N'c53847a5-7014-40e0-a5fb-9f2fd4724b79', 4, 0)
GO
INSERT [dbo].[Gigs] ([Id], [DateTime], [Venue], [ArtistId], [GenreId], [IsCanceled]) VALUES (3, CAST(N'2017-01-24T23:00:00.000' AS DateTime), N'Paris Cat', N'ab582877-ddbb-4255-94de-e65485058156', 4, 0)
GO
INSERT [dbo].[Gigs] ([Id], [DateTime], [Venue], [ArtistId], [GenreId], [IsCanceled]) VALUES (4, CAST(N'2017-05-23T00:00:00.000' AS DateTime), N'Paris Cat++', N'ab582877-ddbb-4255-94de-e65485058156', 2, 0)
GO
SET IDENTITY_INSERT [dbo].[Gigs] OFF
GO
SET IDENTITY_INSERT [dbo].[Notifications] ON 

GO
INSERT [dbo].[Notifications] ([Id], [DateTime], [Type], [OriginalDateTime], [OriginalVenue], [Gig_Id]) VALUES (1, CAST(N'2016-11-15T15:18:52.127' AS DateTime), 1, NULL, NULL, 3)
GO
INSERT [dbo].[Notifications] ([Id], [DateTime], [Type], [OriginalDateTime], [OriginalVenue], [Gig_Id]) VALUES (2, CAST(N'2016-11-19T16:42:12.253' AS DateTime), 2, CAST(N'2017-01-22T22:00:00.000' AS DateTime), N'Paris Cat', 3)
GO
SET IDENTITY_INSERT [dbo].[Notifications] OFF
GO
INSERT [dbo].[UserNotifications] ([UserId], [NotificationId], [IsRead]) VALUES (N'ab582877-ddbb-4255-94de-e65485058156', 1, 1)
GO
INSERT [dbo].[UserNotifications] ([UserId], [NotificationId], [IsRead]) VALUES (N'ab582877-ddbb-4255-94de-e65485058156', 2, 1)
GO
INSERT [dbo].[UserNotifications] ([UserId], [NotificationId], [IsRead]) VALUES (N'c12b17d1-bd3c-4070-ac0a-27740a5a10c1', 2, 1)
GO
INSERT [dbo].[Attendances] ([GigId], [AttendeeId]) VALUES (1, N'5aaceb13-ed0a-407a-b7ec-7c4639442aa9')
GO
INSERT [dbo].[Attendances] ([GigId], [AttendeeId]) VALUES (2, N'5aaceb13-ed0a-407a-b7ec-7c4639442aa9')
GO
INSERT [dbo].[Attendances] ([GigId], [AttendeeId]) VALUES (1, N'ab582877-ddbb-4255-94de-e65485058156')
GO
INSERT [dbo].[Attendances] ([GigId], [AttendeeId]) VALUES (2, N'ab582877-ddbb-4255-94de-e65485058156')
GO
INSERT [dbo].[Attendances] ([GigId], [AttendeeId]) VALUES (3, N'ab582877-ddbb-4255-94de-e65485058156')
GO
INSERT [dbo].[Attendances] ([GigId], [AttendeeId]) VALUES (1, N'c12b17d1-bd3c-4070-ac0a-27740a5a10c1')
GO
INSERT [dbo].[Attendances] ([GigId], [AttendeeId]) VALUES (2, N'c12b17d1-bd3c-4070-ac0a-27740a5a10c1')
GO
INSERT [dbo].[Attendances] ([GigId], [AttendeeId]) VALUES (3, N'c12b17d1-bd3c-4070-ac0a-27740a5a10c1')
GO
INSERT [dbo].[Attendances] ([GigId], [AttendeeId]) VALUES (4, N'c12b17d1-bd3c-4070-ac0a-27740a5a10c1')
GO
INSERT [dbo].[__MigrationHistory] ([MigrationId], [ContextKey], [Model], [ProductVersion]) VALUES (N'201608290906199_InitialModel', N'GigHub.Migrations.Configuration', 0x1F8B0800000000000400DD5C5B6FE3B6127E3FC0F90F829E7A0E522B97EE621BD8BB489DA40DCEE68275B6E8DB82966887588952252A4D70D05FD687FEA4FE850E75B378D3C5566CA758601191C36F86C321391C0EFDD71F7F8E3F3C05BEF588E3848474621F8D0E6D0B5337F4085D4EEC942DBE7D677F78FFEF7F8D2FBCE0C9FAB9A43BE174D0922613FB81B1E8D47112F70107281905C48DC3245CB0911B060EF242E7F8F0F07BE7E8C8C100610396658D3FA5949100671FF0390DA98B239622FF3AF4B09F14E55033CB50AD1B14E024422E9ED83F92E54FE97C9413DAD6994F100831C3FEC2B610A521430C443CFD9CE0198B43BA9C455080FCFBE70803DD02F9092E443F5D9177EDC5E131EF85B36A5842B969C2C2A027E0D149A116476EBE9672ED4A6DA0B80B50307BE6BDCE9437B1AF3C9C157D0A7D5080CCF074EAC79C78625F572CCE92E806B351D97094435EC600F75B187F1DD5110FACCEED0E2A333A1E1DF27F07D634F5591AE309C5298B917F60DDA5739FB8FFC3CFF7E1574C272747F3C5C9BB376F9177F2F63B7CF2A6DE53E82BD0090550741787118E4136BCA8FA6F5B8ED8CE911B56CD6A6D72AD802DC18CB0AD6BF4F411D3257B80B972FCCEB62EC913F6CA92C2B83E530213081AB13885CF9BD4F7D1DCC755BDD3C893FFDFC0F5F8CDDB41B8DEA047B2CC865EE20F13278679F509FB596DF240A27C7A09E3FDA520BB8CC3807F8BF695D77E998569ECF2CE8446927B142F3113A51B3B2BE3ED64D21C6A78B32E51F7DFB4B9A4AA796B497987D69909258B6DCF8652DE97E5DBD9E2CEA208062F332DAE91268313F6A991D4F0C0CAAB570673D4D5602874E49FBCFE5D0488F8032C801DB880DBB1207180AB5EFE1082B921DA5BE63B942430FFBD9F50F2D0203AFC3980E833ECA63198E58CA1207A716E770F21C5376930E7D6BE3D5E830DCDFD6FE1257259185F50DE6A63BC8FA1FB354CD905F5CE11C39F995B02F2CF7B12740718449C33D7C5497209C68CBD69085E75097845D9C9716F38BE36EDDA0199FA88047A0F445A45BF94A42B2F444FA1782206329D37D224EAC770496837514B52B3A83945ABA805595F51395837490B4AB3A01941AB9C39D560FE5D3642C33B7819ECFE7B789B6DDEA6B5A0A6C619AC90F8474C710CCB98778718C3315D8D4097756317CE42367C9CE98BEF4D19A79F919F0ECD6AADD9902D02C3CF860C76FF67432626143F128F7B251D8E3D2531C077A2D79FA8DAE79C24D9B6A783D0CD6D33DFCE1A609A2E674912BA249B059A805711AE10E5071FCE6A8F5DE4BD91E31FD0313074C2B73C2881BED9B251DDD273EC6386AD33370F084E51E2224F552374C8EB2158B9A36A045BC54144E1FEABF0044BC7316F84F8212881994A2853A705A12E8990DFAA25A965C72D8CF7BDE221D79CE30853CEB055135D98EBC31E5C808A8F34286D1A1A3B358B6B364483D76A1AF336177635EE4A34622B36D9E23B1BECB2F0DF5EC4309B35B605E36C564917018C21BC5D18687156E96A00F2C165DF0C543A31190CB470A9B662A0A2C67660A0A24A5E9D81E647D4AEE32F9D57F7CD3CC583F2F6B7F54675EDC036057DEC9969E6BE27B461D002C7AA799ECF79257E629AC319C8599CCF92C2D5954D8483CF301343362B7F57EB873ACD20B2113501AE0CAD05B4B8FC53809409D543B83296D7285DE145F4802DE36E8DB0C5DA2FC1D66C40C5AE5F82D608CD57A5B271763A7D543DABAC4131F24E87851A8EC620E4C54BEC7807A598E2B2AA62BAF8C27DBCE15AC78AC16850508BE76A5052D999C1B5549A66BB96740E591F976C232D49EE93414B656706D75261A3ED4AD238053DDC828D54246EE1034DB632D251ED3655DDD8C9D3A28A82B163C89F1A5FA328227459CBA72A4AAC599E4C35FD76D63FD528C8311C37D1641C55D2569C5818A325966A8135487A49E2849D2386E688C779A65EA09069F756C3F25FB2AC6F9FEA2096FB4049CDFFCE5B8857F6C236ABFA2145F34BE85CC09D992C82AE197A7D738BA7B6211FC59AA0FD34F4D3809A7D2B73EBFCEAAEDE3E2F5111C68E24BFE23B298A523C5C51EB9DC6449D0F9B8F4FE5B5AC3F46660893A64B9FB3AE6B931F6A4629C352751453A86A676366725FBA8E93EC14F61FA6568497994D45264A1DA028EA89514B6650C06A75DD51C57C933AA658D31D514A2AA9434A553DA4ACA78E0842D62BD6C23368544FD19D839A2C5247576BBB236BD246EAD09AEA35B03532CB75DD5135992575604D7577EC559A89BC7EEEF17E653CAAACB361E507D9CD762C03C6CB2C86C36C78B5FBFA3A50ADB827567123AF8015E57B6948C6D3DC3A8694872E363324038679BD112EB9C5E5A6F166DE8C29DC5C0B4B7AD3CDBD19AF9FB9BEA85128E73899A4E25E9DE7A473DBB83843B53F8E510E5539896D956A84EDFC396138187182D1EC577FEA13CC17EF92E01A51B2C009CBB335ECE3C3A363E991CDFE3C787192C4F3356750D3AB1771CCB69078451F51EC3EA0584D83D8E051C80A5489305F510F3F4DECFF67AD4EB36005FF2B2B3EB0AE92CF94FC9A42C57D9C62EB7735AD739824F9E653D59E3E69E8AED5AB5FBEE44D0FACDB1866CCA97528E9729D11161F3AF492266FBA81346B3F7F78BD134A7865A0459526C4FA8F0AE6840DF2A0A094F29B003DFDA7AF68DA47031B216A1E060C8537880A4D89FFEB601993FE3DF86459D27FBFCEEA1F01AC239AF10100A1FDC1E4F4FFEECB50D972875B8DE638B48D2529D3736BFAF446B994BBDE9B942CEB8D26BA9A49DD036E836CE9352CE395251A0FB63B6AF28807C3DEA569BF78F2F0BEE40BAF3239769B26BCCDCCE0867BA07F5442F01EA4B0695272769FF6BB6D5B338570F73C77B25F72EF9E195B91A8B5FB14DE6D1B9B29CCBBE7C6D62B5177CF6C6D57FBE78E2DADF316BAF3B45B3583C87015A38B05B7A5D5E6817338E1CF433082DCA3CC5F43EAF3B89A72505B18AE48CC4CCD0964326365E2287C158A66B6FDFA5A6CF88D9D2D689AD91AD22E9B7817EB7F23EF82A699B72199711709C1DA74425D9276CB3AD694F5F49A1280859EB4E49BB7F9AC8DF7EAAF29DF7710A508B3C77047FC7AD27B0751C99053A7473AAF7ADD0B7B67ED171361FF4EC87205C17F3F916257D8352B9A2BBA08CBCD5B92A824912234D798210FB6D4B3989105721954F31873F69C3B8BDBF19B8E39F6AEE86DCAA29441977130F785801777029AF86739CBA2CCE3DB28FB659221BA0062121E9BBFA53FA4C4F72AB92F3531210304F72E8A882E1F4BC623BBCBE70AE926A41D810AF5554ED13D0E221FC0925B3A438F781DD9C0FC3EE225729F5711401348FB40886A1F9F13B48C51901418ABF6F00936EC054FEFFF06DC500F0938540000, N'6.1.3-40302')
GO
INSERT [dbo].[__MigrationHistory] ([MigrationId], [ContextKey], [Model], [ProductVersion]) VALUES (N'201608291011446_CreateGigTable', N'GigHub.Migrations.Configuration', 0x1F8B0800000000000400DD5D5B6FDCB8157E2FD0FF20E8A92DBC235F9A2035C6BBF0DA71D7687C41C609FA667024CE58882EB312E5B551EC2FDB87FEA4FE85921225F12A511A8D460E0204195E3E1E9E737878489EA3FCEF8FFFCE7F7A0903EB1926A91F4767F6D1ECD0B660E4C69E1FADCFEC0CAD7EF860FFF4E39FFF34FFE8852FD6D7B2DD0969877B46E999FD84D0E6D47152F70986209D85BE9BC469BC4233370E1DE0C5CEF1E1E13F9CA3230762081B6359D6FC7316213F84F90FFCF3228E5CB84119086E620F06292DC7358B1CD5BA05214C37C08567F63FFDF52FD9725634B4ADF3C0079888050C56B605A228460061124FBFA4708192385A2F36B800040FAF1B88DBAD4090424AFA69DDDC741687C764164EDDB18472B314C56147C0A313CA1647ECDE8BB976C536CCB88F98C1E895CC3A671EE61B8C123C7371A4D38B2021AD04C6CEF2E60756517850491E2B08F973605D6401CA127816C10C252038B0EEB365E0BBFF82AF0FF137189D455910B0046192701D57808BEE93780313F4FA19AE2899D79E6D397C3F47EC587563FA1473F8F915E139DEE2B1C1328095B89DC6EEE4EF1200EB0CD67CDBBA012F9F60B4464F6736FEA76D5DF92FD02B4B28EA97C8C70B05774249260C32776AFE374BC55F779089BF7E7312B98ED0C9B14224CC6C17284E20D637980004BD7B80104C228201736EB589EF12F77AF06B11D6BF3BEAC1571865432B021EE5163CFBEB7CA6C278E709F253645B9F619057A74FFEA6B06444D28F65F55512879FE3A0D0065AFAB888B3C425C4C652D50348D6109993410D83860A5ACB1391172A69286A5424182F89F3CD06AB6D4E0B36E289F9F2103ABEB9A5A250B9A3E30F462AD751D33F86C00F1A863D7EF7BE8FA6AB46C15BFBCA4F42589BE8182B0B883AD37C0FD2F4B738F17E01E9D3F08B54186C01DD2CC16AB94020DCEC7CB4FBA73882B759B824DA3EDE588389E6E1B7F80AB8D88A7F8C48AFADF13EC5EEB738431F238FD8F22FC8954DBB21C020E49CBB2E4CD32BACCCD0BB88B1E7DAB6B735C311DBD4E27298AEBFB691B536FF22007E982A8DBE60451FCBA6F50EA06E216D079A665DB7A74FF1DA8FCC482D9BEA492D5AB4924A9B7525958099514A5BEA09CD1BB4D259B4DA6AB72DBD2C82974BA869BFBDA98E1FE7E9E616A259D97B56E05E2518131BE96F3309F6C032EE5C6FD8C7A61BF6C9D17275F2E1DD7BE09DBCFF3B3C79F73DFAB98495FB701672F1914177BE37E5237D05C1E05E78AFD5901B81E157430E3BFDD59093898B9F7D8F78254E7B8FB23186376A5FEA73D735275036F672E0A639F6E0E3D8805ECB85EC45C3AF16823AFDC5A25665655332A13E5ABF2FEB5FD23B318D1B5EDBDE86A6BD951B867D1F70C87251BBE2ACBC1F69B3DA0F976B25275CD1A48B077E9EA6B1EBE754A92FBCCA13173F537C18B6CC8E5F05CF15A70E2C01ACA13E29C37461D1DBA2BEDD45973080085AE76EF188710152177832DFF1DCBC8EF4953C62E8539C3D780AFF260D8C57024C482F406E9652BCCEFC08C9CBC68F5C7F0302238E09BD0D971D6142358E587309373022933362890901DA1DC6A9C61224D4C6A9B9C368623705A5E76C5305100FDD535350E1B4AF51507A1C184541798EED41417996BC39052DAE574CE52FDCB54C4D3DF94B1E8D7616FED028CAC9B16B0FBAC9F163F2AAC9BCE4E904AE7AD6ABA59CBF10B7095609A65099168D3E9CCD8E442FA6D34C8BD7C226DA84A7C3ADE6C93F36B258C5A3E5809353788D3ACA9A5C4879F1AA16EE8E0C4B83E33ABE55D173690493A2E784C9E0EA23FC4EEC497184C07D10EE011379BBBB5C924AF8821487613C317A1E4EE9794AD40C02BE80880D04C0A7A1FADCC22F27692D0ADDFDB5B23359D72D5DE9314CEA2B99AB161CE940A102559C3A3AC0966F4C8DB0D457EC004B1F841A518BD5D802DA06A40461B4AF46D23D04328D9B9F0CC5E5617C84ADE6546986B4D48C8F9B0C964A3B44F3C973A207974AFD68E792EA14D5E51CB5159784338F864BE56406E712D5D27626293CF90EBEFC562CE2FD6E0D87E844B666101BF0257345E744B6B9910CD185756E98BEC2716C635FCF79D2ED443D4D8507D9E243769D24EF35B2BDE9FEB7F52455578CF26CDB5C4A53A7929981521B4D7DC08134BCBCF7AC9C96AA6EEE14D1DCB460EE68C2BEE73760B3F1A33513064E4BAC4511037EF1C3A27B84745860382EC767D1C5AA46427102D650A8C543634AAFFC2445970081252077D2175E283553BA689A9DBB1C92F3C26411961B7AD99CFCBB5A5462E4B6C291A5FDAEF0B442E20AE7E108A2FACBFD2C12840F0290285E152EE2200B23BD4BAEEF5DBC0FB0FD8B121961EE08844B5EB7C41AE948C433DA4C0CC4946C2104ECF5F61081AAD76E045087D2B118BA00BB26241A36CDC2D0A2C90853675D4DA5299E43BA4BB615613752A681BE2C002DEA88C1C48A4A604C9D392A1FCECB62F235E68842CC2E0B295475A0928DCCE588642B7AE16938AA6E613E821C8BCBA2CBB5E6C88AA85C165A51DD035B41B358678EAA08DC658115D5E6D875142F0B59974EC6F6294EBDFD0DA17C77D2DD141A60ECC61896EF00A2C0BAA130E1902C1053DC118B063C4A60B47C928AA4BDBBE8A348C56DD9768AA4C1D0DB1B2E869037378D818F7A4C2E309033E94D81917ABC6EEA3A01A5D0DDD5F4D189FC9A723B955043ECD638944F032C8AEEB9606F321B4A4E5BCAA89B7CBE97E3267F6F229D39AB4BC0868365D5C6E0F848AE7EC47C4FE9A24F668291082888FA298C19B71349DA47C0DE5AD1480BF6B13D3F7FE7BD4E49B0611568683451F11AAC97C4E9756893C06993FEF2E6EE3C7BF2B6C01848DADC15EEA484AD9B66BBACA59B4FB149655BAA1B50E1A6734E6F1DDBBF82215D43164D6CAB7436F0A1F73545309C9106B3C5AFC145E04372C4291BDC80C85FC11415B1C9F6F1E1D1B1F0358DE97CD9C249532F50DCDA4A9FB7E02536424435F2A3579FB0758BF8E8E81924EE1348FE128297BFB2485B7E57627466E48C68CD72EBC829F1F30E1EFE8DB6FEBC43079ECB48CC7EC0A3298230AE230FBE9CD9FFC9BB9E5AD7FF7EAC7A1F5877095E88A7D6A1F5BB1C93DF8DA4DA6A097A694050D997A76710356CBCF61C43256BC9E8F9DBFD93094AD43CA7A19BD4D45F4858FADDED89EAEB085BE9B8F20B085B212ABE723014DE202CD47DC5A00F96F60B062AEB653259F5170DFA90A6FD9A419F6D4CFC9681B9212C7BE6C507D821FB12F9BF66B8E2017343B087C2CA1A2A635171F9F86677493E3DB0D37E547435DD8CFAA58C6FB5D0E5B4F05D784C2DB789DF65D6F460BBA322297A30EC7DAA76FF4CE81ECA337A16F1BECD049F5BDC899AA2EB9892ED2BD589F8AFFD766932E9DDEFD243A7C44E20894B1164BEFFC4D731532B9A5E882796A2B55D7AEBC4948DA61EEC3F89756C65D3BD224F5CD93AA5AA4E4CD78A5C92BD67A48EAD699A77CF89299A41E2E916DA25275372C879D257D7E4CEB7A20BEAD85E7998C6F7D19134A02521B77E7AEC9639BB2761EB42DBF726E2A637D11124DC332B792A89C8FBDC435A8258A6B181EC3DD358CE761165CA679F52F3511FF378B3523C529FD9DE32C6322FCE899AAC2B099918151997942A5115996012A6B4C749F8520BD558C597C2D41972E2908A939F34A8A24DF3B09A64D6A6B1E941A0716CDAA6796C4D8A68D3D8C5AA6E1CBA68D23CB23A314D3770CBA06D03AA07DB73DE3497B3D7922BDF763BD118A0FD96D2A407610AB73C34C1C66F272B7A1096B00B481D6B3B892CE8A1A6CEEC3755ACDD14D29FD90D9649DB1C7F2A3B4E7256AA9A4ACD4651D80E49CD72081FF6CA98FFEE0A7B86A9BFAE21485462045DCE1FABDA5C47ABB8740B058ACA26C23DFF0D44C0C3CE1A59282BE0225C4DDEFBF30F70E66FA824EA6409BDEBE82E439B0CE129C37019708F8FC4BD6C1A3FCFDCE6699EDF6DC8AF74882960327D12277117FD9CF98157D17DA57851D04010BF95BEAE135922F2CABE7EAD906EE3C81088B2AF72B71F60B80930587A172DC033EC431B56BF4F700DDCD7FA355607D22E089EEDF34B1FAC1310A614A3EE8F7F621DF6C2971FFF0FF07C223AF56D0000, N'6.1.3-40302')
GO
INSERT [dbo].[__MigrationHistory] ([MigrationId], [ContextKey], [Model], [ProductVersion]) VALUES (N'201608291108326_OverrideConventionsForGigsAndGenres', N'GigHub.Migrations.Configuration', 0x1F8B0800000000000400DD5D5B6FE3B8157E2FD0FF20E8A92DB2762E9DC13470769175926ED0C905E3CCA06F012DD18E30BA78252A9BA0E82FEB437F52FF424989927895285996E5C50083312F1F0FCF393C3C24CFD1FCEF3FFF9DFDF416F8D62B8C132F0A2FEC93C9B16DC1D0895C2F5C5FD8295AFDF0C9FEE9C73FFE6176ED066FD6B7A2DD1969877B86C985FD82D0E67C3A4D9C1718806412784E1C25D10A4D9C289802379A9E1E1FFF6D7A72328518C2C6589635FB9286C80B60F603FF9C47A103372805FE5DE4423FA1E5B86691A15AF72080C90638F0C2FEBBB7FE255D4EF286B675E97B0013B180FECAB640184608204CE2F9D7042E501C85EBC5061700FFE97D0371BB15F01348493FAF9A9BCEE2F894CC625A752CA09C344151D012F0E48CB2652A76EFC45CBB641B66DC3566307A27B3CE9887F906C318CF5C1CE97CEEC7A495C0D849D6FCC8CA0B8F4AC96305217F8EAC79EAA3348617214C510CFC23EB315DFA9EF30FF8FE147D87E14598FA3E4B102609D77105B8E8318E363046EF5FE08A9279EBDAD694EF37153B96DD983EF91C7E7E47788EF7786CB0F46129EE696D77F277018075066BBE6DDD81B7CF305CA3970BFBF4C307DBBAF1DEA05B9450D4AFA187170AEE84E2B469D4D9B41248BD98BC750B2179EB8313D16D88CE4E15DC6266BB40510CB102C21820E83E0284601C120C9871AB499E57B8D79357C9B4FADD5231BEC130DDB966E061EFC1ABB7CEA62E107019232F41B6F505FA5975F2E26D725B4744FF5C54DFC451F025F273F5A0A5CF8B288D1D427D24553D81780D913919D47468A8A0B53C1159A19286BC464582F11AB9DC6CB01E67B460331F9BAF17A1E3C1AD1D850E9E9C7EEA45078531AF03E0F9B5AAFFD168588351F0E6BFF2E20056463CC2CA02C2D6343F8224F92D8ADD5F40F252433AFE670FA42FA093C6582D1708049B9D8FF6F81285F03E0D9644DB871BAB37D13CFD16DD00079BF5EB90F4DA1AEF73E47C8F52741DBAC4B87F458E6CEB0D017A21E7D2716092DC606586EE3CC2BE6DD366570F476C53A35362B6FE3A6F3D731F7841A234FA82157D2E9A563B80BA85B41D689AB5DD9E3E476B2F3423B568AA27356FD1482A6DD69654026646296DA927346BD04867DE6AABDDB670BB085E26A1BAFDF6AE3CA05C269B7B882645EF498E7B13634C6CA4BF4F24D823CBB873B5619F9A6ED86727CBD5D9A70F1F817BF6F1AFF0ECC3EFD1F125ACDC87B390898F0CBAF3BD291BE91BF06BDDF22E43755A0D9911E87F3564B0E35F0D1999B8F8D5738957326DEE5134C6F046ED0B7D6EBBE604CA865E0EDC34871E7C181BD069B990BDA8FFD54250C7BF58D4AAAC6C4A26D445EBF765FD0B7A47A671FD6BDB6168DAA1DC30ECFB8043968BDA1567E5FD4C9B557EB85C2B39E18A266D3CF0CB24891C2FA34A7DE1559CB8F899E2C3B06576FCCA79AE38756009600DF54819A60B8BDE16F5ED21BC823E44D0BA74F2678E39481CE0CA7CC773735BD257F088A14F71F6E029FC8B34305E093026BD00B9594AF03AF342242F1B2F74BC0DF08D3826F4365C768409E53862CD15DCC0904CCE8825260468779869399620A1264ECDA68C26B653507ACE365500F1D03D3605154EFB1A05A5C781411494E7D81E149467C9C129687EBD622A7FE1AE656CEAC95FF268B433F78706514E8E5D7BD04D8E1FA3574DE6254F2770D5B35E25E5ECC9B849B04A3085CA0CA6D12D3994BF32D6CD497872DC8A3FFC23258B953F768E80290A2F5537A33A975536162A43B1234356E3280F6FC5F45C1AC084E9396132B8FACA6027F62B3FB2E03E08F780B1BCBD5E2D49257C438AC3379E183D7F27F4FC266A06015F40C4061EE0D357754EE297A1B48685EEDE5AD999D88386AEF4D827F595CC63038E748051812A4E392D608B37AD5A58EA9BB680A50F50B5A8F96A6C006D02528230DA5721E91E1E99C6F54F94E2F2303E3297732A35435A6AC6C75B064BA51DA2F9E439D1814B857E347349756A6B736EDB8A4BC2194BC3A56232BD73896A693393142787166787AD58C4FBF91A0ED1896CCD2036C04CE68ACE696D725B19A273EB5C337D85A3DAC4BE8EF3A4DB897A9A0ACFB3C1F76C3B49DEDB647BD3FD6FEB49AAAE34E5D936B994A64E253303A5369AFA803D697871CF5A3A2D65DD6C9AC797D382D95413883EBB039B8D17AE99C0745A622DF2A8F4F90F8BF631DB418E3175383E8B2E5639128A62B086422D1E1A537AE3C509BA02082C01B9039FBB81D44CE9A26976EE6248CE0B9345586CE84573F2EF725189B1E40A4796F6BBC1D30A882B9C853F88EA2FF7B3485A00F041AC78C598477E1A847A975CDF3B7F8F60FBE72532C26C2A102E79DD126BA42311CF6833311053B28510B0D7DB4104AA5EBB114015BAC762E802FAEA9068DC360B438B46234C9D753595A6780E692FD94684DD48990616B300B4A82506139B2A813175E6A87CF8308BC9D798230A31C22CA450D5824A3612982392ADE884A7E1A8BA85F90872EC2F8B2ED79A232BA28059684575076C05CD629D39AA2250980556549B635751C32C64553A1ADBA738F5763784F2DD497B536880B11B6358BC3B88026B87C2845FB2404C714B2C1A602981D1F2512A92F6EEA28B22E5B765DB299206436F6FB89845DEDCD4065AEA31B94044CEA4D70562EAF1DAA9EB0894427757D34527B26BCAED54420DB15BE3503C0DB028BAE782BDC9AC2F396D29A376F2F9BD1C37F97B13E9CC595E02D61C2CCB3606C74772F523E6974A177D32138C444041D44F61CCB8AD48D23E0276D60A3D2DE22D562781D1DBCC3A79D126DDC5C55D5976644D8ED193B0B81BD891C84ABA78149B944BBBBC80142E1A67F4D2AFF9B318D22D60DEC4B68ABD1E9F39DF13048309693059FCEACF7D0F921346D1E00E84DE0A26280F45B64F8F4F4E85CF6B8CE75317D324717DC5A5A9F4BD0B5E62030450232F7CF7085BB708870E5F41ECBC8058FED8407FDF98189C3119531A13DC5A724DFCD4838B7FA3AD3FF5D091FF322AB31F89C8526CC46DE8C2B70BFB5F59D773EBF69FCF65EF23EB21C60BF4DC3AB6FE2D87E6B7A4A9B2BA82C21A5054F4E509EA47296BEF23875050A5D4BB7098FB768246973EB2A8DD3F95B0F4DA5B1AD567120A2AFF1480B73FB7254DF92984AD10159F3BE80BAF1716EA3E67D0054BFB2903952D3399ACFAD3065D48D37ED6A0CB06277ED4C0DC14163DB3E223EB36F91A7ABFA6B8E2097343B088C2CAEA2B7551712B78B07B269F27D86A47CABBF6BA1D49B9E35B2D74393FBC05DC1639E01D34E3C0D2A77BDB1D15D9D1BD61EF53B5BBA74477509EC1D389F76D26F824E356D4E45D87946C57A98EC47FEDB64B9349EF7E97EE3B377604D95C8AE8EFFD67C00E99F350F7743BB25CADEDF25C47A66C342760FFD9AC432B9BEE7977E4CAD62A677564BA962779EC3D3575684DD33C488E4CD10C3250C7A75D591657DB2CCF43D12175B0AE3C4CED83E7409AD390995B3D460E9342BB2725D1C5B8EF4D35EA5E5707D08C8EE9C963C948DEE79ED510CD328E0D6BEF29C772DA8B28533E0D959A9DEA58C99BA3FCB9FCC276971196797E2ED5A45F49C8C4A8C8B8A45489AA48099330A53D55C2975AA8C6CA3F51A64E951387549C34A541156DEA87D564B5D68D4D0F1EB563D336F5636B7245EBC6CE5775EDD07993FA91D5196ABA811B066D1A503DD89E13A8B9E4BD86A4F9A6DB90DA48ED43CA97EE8529DCF2D0441D1F4E7A742F2C6117903AE87614E9D07D4D9DD96FCAA8BD31E441B31B2C93BF39FC54769CEDAC5435959A0DA2B02DB29BE56042EC9531FF1317F60C136F5D4190FF972B840EE78F956D6EC35554B88502454513E15DE10E22E062678D2C94157010AE26F105D9973FB3375B12E5B284EE6DF890A24D8AF09461B0F4B9C74EE25ED68D9FA570F334CF1E36E457D2C71430991E89CB78087F4E3DDF2DE9BE51BC60682088DF4A5FF3892C1179D55FBF9748F751680844D957BADB4F30D8F8182C790817E01576A10DABDF67B806CE7BF5FAAB03691604CFF6D99507D63108128A51F5C73FB10EBBC1DB8FFF075AA0E9F6906E0000, N'6.1.3-40302')
GO
INSERT [dbo].[__MigrationHistory] ([MigrationId], [ContextKey], [Model], [ProductVersion]) VALUES (N'201608291147596_PopulateGenresTable', N'GigHub.Migrations.Configuration', 0x1F8B0800000000000400DD5D5B6FE3B8157E2FD0FF20E8A92DB2762E9DC13470769175926ED0C905E3CCA06F012DD18E30BA78252A9BA0E82FEB437F52FF424989927895285996E5C50083312F1F0FCF393C3C24CFD1FCEF3FFF9DFDF416F8D62B8C132F0A2FEC93C9B16DC1D0895C2F5C5FD8295AFDF0C9FEE9C73FFE6176ED066FD6B7A2DD1969877B86C985FD82D0E67C3A4D9C1718806412784E1C25D10A4D9C289802379A9E1E1FFF6D7A72328518C2C6589635FB9286C80B60F603FF9C47A103372805FE5DE4423FA1E5B86691A15AF72080C90638F0C2FEBBB7FE255D4EF286B675E97B0013B180FECAB640184608204CE2F9D7042E501C85EBC5061700FFE97D0371BB15F01348493FAF9A9BCEE2F894CC625A752CA09C344151D012F0E48CB2652A76EFC45CBB641B66DC3566307A27B3CE9887F906C318CF5C1CE97CEEC7A495C0D849D6FCC8CA0B8F4AC96305217F8EAC79EAA3348617214C510CFC23EB315DFA9EF30FF8FE147D87E14598FA3E4B102609D77105B8E8318E363046EF5FE08A9279EBDAD694EF37153B96DD983EF91C7E7E47788EF7786CB0F46129EE696D77F277018075066BBE6DDD81B7CF305CA3970BFBF4C307DBBAF1DEA05B9450D4AFA187170AEE84E2B469D4D9B41248BD98BC750B2179EB8313D16D88CE4E15DC6266BB40510CB102C21820E83E0284601C120C9871AB499E57B8D79357C9B4FADD5231BEC130DDB966E061EFC1ABB7CEA62E107019232F41B6F505FA5975F2E26D725B4744FF5C54DFC451F025F273F5A0A5CF8B288D1D427D24553D81780D913919D47468A8A0B53C1159A19286BC464582F11AB9DC6CB01E67B460331F9BAF17A1E3C1AD1D850E9E9C7EEA45078531AF03E0F9B5AAFFD168588351F0E6BFF2E20056463CC2CA02C2D6343F8224F92D8ADD5F40F252433AFE670FA42FA093C6582D1708049B9D8FF6F81285F03E0D9644DB871BAB37D13CFD16DD00079BF5EB90F4DA1AEF73E47C8F52741DBAC4B87F458E6CEB0D017A21E7D2716092DC606586EE3CC2BE6DD366570F476C53A35362B6FE3A6F3D731F7841A234FA82157D2E9A563B80BA85B41D689AB5DD9E3E476B2F3423B568AA27356FD1482A6DD69654026646296DA927346BD04867DE6AABDDB670BB085E26A1BAFDF6AE3CA05C269B7B882645EF498E7B13634C6CA4BF4F24D823CBB873B5619F9A6ED86727CBD5D9A70F1F817BF6F1AFF0ECC3EFD1F125ACDC87B390898F0CBAF3BD291BE91BF06BDDF22E43755A0D9911E87F3564B0E35F0D1999B8F8D5738957326DEE5134C6F046ED0B7D6EBBE604CA865E0EDC34871E7C181BD069B990BDA8FFD54250C7BF58D4AAAC6C4A26D445EBF765FD0B7A47A671FD6BDB6168DAA1DC30ECFB8043968BDA1567E5FD4C9B557EB85C2B39E18A266D3CF0CB24891C2FA34A7DE1559CB8F899E2C3B06576FCCA79AE38756009600DF54819A60B8BDE16F5ED21BC823E44D0BA74F2678E39481CE0CA7CC773735BD257F088A14F71F6E029FC8B34305E093026BD00B9594AF03AF342242F1B2F74BC0DF08D3826F4365C768409E53862CD15DCC0904CCE8825260468779869399620A1264ECDA68C26B653507ACE365500F1D03D3605154EFB1A05A5C781411494E7D81E149467C9C129687EBD622A7FE1AE656CEAC95FF268B433F78706514E8E5D7BD04D8E1FA3574DE6254F2770D5B35E25E5ECC9B849B04A3085CA0CA6D12D3994BF32D6CD497872DC8A3FFC23258B953F768E80290A2F5537A33A975536162A43B1234356E3280F6FC5F45C1AC084E9396132B8FACA6027F62B3FB2E03E08F780B1BCBD5E2D49257C438AC3379E183D7F27F4FC266A06015F40C4061EE0D357754EE297A1B48685EEDE5AD999D88386AEF4D827F595CC63038E748051812A4E392D608B37AD5A58EA9BB680A50F50B5A8F96A6C006D02528230DA5721E91E1E99C6F54F94E2F2303E3297732A35435A6AC6C75B064BA51DA2F9E439D1814B857E347349756A6B736EDB8A4BC2194BC3A56232BD73896A693393142787166787AD58C4FBF91A0ED1896CCD2036C04CE68ACE696D725B19A273EB5C337D85A3DAC4BE8EF3A4DB897A9A0ACFB3C1F76C3B49DEDB647BD3FD6FEB49AAAE34E5D936B994A64E253303A5369AFA803D697871CF5A3A2D65DD6C9AC797D382D95413883EBB039B8D17AE99C0745A622DF2A8F4F90F8BF631DB418E3175383E8B2E5639128A62B086422D1E1A537AE3C509BA02082C01B9039FBB81D44CE9A26976EE6248CE0B9345586CE84573F2EF725189B1E40A4796F6BBC1D30A882B9C853F88EA2FF7B3485A00F041AC78C598477E1A847A975CDF3B7F8F60FBE72532C26C2A102E79DD126BA42311CF6833311053B28510B0D7DB4104AA5EBB114015BAC762E802FAEA9068DC360B438B46234C9D753595A6780E692FD94684DD48990616B300B4A82506139B2A813175E6A87CF8308BC9D798230A31C22CA450D5824A3612982392ADE884A7E1A8BA85F90872EC2F8B2ED79A232BA28059684575076C05CD629D39AA2250980556549B635751C32C64553A1ADBA738F5763784F2DD497B536880B11B6358BC3B88026B87C2845FB2404C714B2C1A602981D1F2512A92F6EEA28B22E5B765DB299206436F6FB89845DEDCD4065AEA31B94044CEA4D70562EAF1DAA9EB0894427757D34527B26BCAED54420DB15BE3503C0DB028BAE782BDC9AC2F396D29A376F2F9BD1C37F97B13E9CC595E02D61C2CCB3606C74772F523E6974A177D32138C444041D44F61CCB8AD48D23E0276D60A3D2DE22D562781D1DBCC3A79D126DDC5C55D5976644D8ED193B0B81BD891C84ABA78149B944BBBBC80142E1A67F4D2AFF9B318D22D60DEC4B68ABD1E9F39DF13048309693059FCEACF7D0F921346D1E00E84DE0A26280F45B64F8F4F4E85CF6B8CE75317D324717DC5A5A9F4BD0B5E62030450232F7CF7085BB708870E5F41ECBC8058FED8407FDF98189C3119531A13DC5A724DFCD4838B7FA3AD3FF5D091FF322AB31F89C8526CC46DE8C2B70BFB5F59D773EBF69FCF65EF23EB21C60BF4DC3AB6FE2D87E6B7A4A9B2BA82C21A5054F4E509EA47296BEF23875050A5D4BB7098FB768246973EB2A8DD3F95B0F4DA5B1AD567120A2AFF1480B73FB7254DF92984AD10159F3BE80BAF1716EA3E67D0054BFB2903952D3399ACFAD3065D48D37ED6A0CB06277ED4C0DC14163DB3E223EB36F91A7ABFA6B8E2097343B088C2CAEA2B7551712B78B07B269F27D86A47CABBF6BA1D49B9E35B2D74393FBC05DC1639E01D34E3C0D2A77BDB1D15D9D1BD61EF53B5BBA74477509EC1D389F76D26F824E356D4E45D87946C57A98EC47FEDB64B9349EF7E97EE3B377604D95C8AE8EFFD67C00E99F350F7743BB25CADEDF25C47A66C342760FFD9AC432B9BEE7977E4CAD62A677564BA962779EC3D3575684DD33C488E4CD10C3250C7A75D591657DB2CCF43D12175B0AE3C4CED83E7409AD390995B3D460E9342BB2725D1C5B8EF4D35EA5E5707D08C8EE9C963C948DEE79ED510CD328E0D6BEF29C772DA8B28533E0D959A9DEA58C99BA3FCB9FCC276971196797E2ED5A45F49C8C4A8C8B8A45489AA48099330A53D55C2975AA8C6CA3F51A64E951387549C34A541156DEA87D564B5D68D4D0F1EB563D336F5636B7245EBC6CE5775EDD07993FA91D5196ABA811B066D1A503DD89E13A8B9E4BD86A4F9A6DB90DA48ED43CA97EE8529DCF2D0441D1F4E7A742F2C6117903AE87614E9D07D4D9DD96FCAA8BD31E441B31B2C93BF39FC54769CEDAC5435959A0DA2B02DB29BE56042EC9531FF1317F60C136F5D4190FF972B840EE78F956D6EC35554B88502454513E15DE10E22E062678D2C94157010AE26F105D9973FB3375B12E5B284EE6DF890A24D8AF09461B0F4B9C74EE25ED68D9FA570F334CF1E36E457D2C71430991E89CB78087F4E3DDF2DE9BE51BC60682088DF4A5FF3892C1179D55FBF9748F751680844D957BADB4F30D8F8182C790817E01576A10DABDF67B806CE7BF5FAAB03691604CFF6D99507D63108128A51F5C73FB10EBBC1DB8FFF075AA0E9F6906E0000, N'6.1.3-40302')
GO
INSERT [dbo].[__MigrationHistory] ([MigrationId], [ContextKey], [Model], [ProductVersion]) VALUES (N'201608291437520_AddForeignKeyPropertiesToGig', N'GigHub.Migrations.Configuration', 0x1F8B0800000000000400DD5D5B6FE3B8157E2FD0FF20E8A92DB2762E9DC13470769175926ED0C905E3CCA06F012DD18E3012E595A86C82A2BFAC0FFD49FD0B2575E555A264599617030CC622F99DC3733EDE7938FFFBCF7F673FBD05BEF50AA3D80BD1857D3239B62D889CD0F5D0FAC24EF0EA874FF64F3FFEF10FB36B3778B3BE15F9CE683E5212C517F60BC69BF3E934765E6000E249E0395118872B3C71C2600ADC707A7A7CFCB7E9C9C91412089B6059D6EC4B82B017C0F407F9390F9103373801FE5DE8423FCEBF9394458A6ADD8300C61BE0C00BFBEFDEFA976439C932DAD6A5EF01A2C402FA2BDB0208851860A2E2F9D7182E7014A2F562433E00FFE97D0349BE15F06398AB7E5E6537ADC5F129ADC5B42A584039498CC3A025E0C9596E96A958BC9371EDD26CC470D7C4C0F89DD63A351EB11B4411A9B928E97CEE47349760D8499AFDC8CA3E1E959E2704A17F8EAC79E2E324821708263802FE91F5982C7DCFF9077C7F0ABF43748112DF6715222A9134EE03F9F418851B18E1F72F7095AB79EBDAD6942F37150B96C59832591D7E7EC7A48EF7443658FAB074F7B4B638FDBB00209C21CCB7AD3BF0F619A2357EB9B04F3F7CB0AD1BEF0DBAC5971CF52BF248432185709434499D4D2B87D4BBC95BB77092B73E3817DD227C76AAB01653DB050E234808082380A1FB08308611A21830B556933F2F23ECC5B892A8F0E9C9E9A7ED7D2A4BBE22FA3E79159BAADF2D81BE4194EC9C93B2D8B4D1B76D4DF7E0D55BA78E53FAC1B6BE403F4D8E5FBC4DD65353E23E17C93751187C09FD8CDCF9D7E74598440EB54028253D81680DB1B91A79C7A7D1224FE595483F2A75C852542A18B7F0CBCD86B4C25417324845E6AD5D2878702D7FB876781D00CFAF6D3E1F8DC41A48215397951705B06A3421210B40AD757E0471FC5B18B9BF80F8A54675F2CF1E545F402789082D1718049B9D4B7B7C0911BC4F822565FB70B27A73CDD36FE10D70C8A0748D68A9ADF13E87CEF730C1D7C8A503C457ECC8E38521402FEA5C3A0E8CE31B4266E8CE4332336F1AAAEBE168DFD438A5326B7F9D879EB90FBC205676FA422FFA5C64AD4600750E6938D0646B3B3C7D0ED71E3253B5C8AA5735CBD1A86A9EADADAA14CC4CD33CA75ED13443A39E59AEAD46DB62D248F1520FD58DB777E5F2EA32DEDC433C294A4F32DC9B8860924EFAFB44823DB28C0B5703F6A9E9807D76B25C9D7DFAF011B8671FFF0ACF3EFC1EA7EDD494FB982CA4EEA342773E36A592BE01BF766ADF4554A7D6907602FDB7861476FCAD2155937C7EF55C3A2B99369728321378A3FC059FDBB63941B3A19B0357CDA1850FD307746A2E742CEABFB550D4F13716359595596985BAB07E5FBD7FA1EFC818D73FDB0E836987B2C3B0EF050E6D2EEAA938EBEFE73C5B350F9753A549B8224B9B19F8651C878E976AA5DEF02A565C7C4DC962D8325B7E653657AC3A880708433DFA8DE8455C6F8B7C7B4057D087185A974E76483307B1035CD9EEA46E6E4BFD0A1B31FA29D61EBC867F9104939600235A0AD09DA598B4330F61B9D978C8F136C037B29850DAB0D951239472C4942BB8818856CEC824260A68479869294BF05093A566538689ED089AAFB34D09202EBAC7465061B5AF2168BE1C1884A0BCC5F64050DE240747D06C7BC5D4FFC25ECBD8E8C96FF268D899CD8706212767AE3D7093B3C7E8A9C99CE4E91CAE3AD6ABBC9C1E7837395609A6A0CC908CEE443659FD0118263BC04468758CBE37626587B37554104E6AB7A2157FB6CB626567C463E412A7F34054E26C6E22B3BC56B017222916443A16D4AD8EE471493526ED68CCAC59930D3F60EAAD340001F5963011AEDE9DDA0911B3D5312983490918C933B9AB254D846F58B1CF432A966FF5C4F95681C80C0ABE80986D6164A15F2DC9F9AE4BEAF784E2DE5A5998F6A10D45F31D06A9AC341237E0486B6515A86241DD02B6383EAD85CD97412D60F3B3CE5AD4AC3536803601294118F65548BA336E2673FD69B8D83C8C7767CA3A95CC909A9AF14E0A83A56287D87DF296E860A5821FCD56526D10B4D922D8CA4AC2725E63A5A232BD5B296769B391148BD416CBD4AD4CC42F293516CA2BB2B581D8BB8CB25574EBA3A61512A374D63BD7545FB1266A325FC77AE6C389BA9A8AD97AC37CBD6D25F9193A5B3A1FFFB6AEA46AF75CAE6DD394D27452C9D440C946D339604F0C2FB6F4CB494B99369B668118F987D95413B131BB039B8D87D64C0447FEC55A64E11BF31F16ED831B820C63EA707616A758A5241C46600D8554229A687AE34531BE02182C013D6E99BB81944D3945D38CDC85486E1626BBB018D08BECF4DF65A312832E1413D9BCDC0DA95640A7C2E94D1B91FE72398BC6CF001F448A03B379E82701D24FC9F5A5B3A32FB67CF64546984D05C5A559B7641A6949C41BDACC0DB42BD9C20964D6DBC105AA52BB7140B531C362E8B76BF448D57D531649770BB50E290F586061F24FE618E536018BA2DD3BD81BBD74FDBD29BFC495517BAE3522EC8677F9AD7A1620FFD41283B9982D813169E6A8FCDD7916934F3147142EC8B39042520B2DD96BF09C926C42273C8D45D539CC25C817DF597439D51C5971059E85562477C056E82CA6B5E875E55BF25CF72B279B635757E659C8EAEB68FA3EC53ABC7B4728EFE6B4EF0A0D3076D31916876EA2C3DAA130778F5920E6734BACFC76B104967F1F2591B4BB295D8894EDDF6D47240D86BEBFE12EECF2DD4DED2D633D26770B97EBD2EB6E21EBF1DAD17504A4D0ED1E75E144BA71BA1D25D410BBED1C8AC30A16457780B1379FF5E5A72D7DD4CE3FBF8B05B0B45B236629A597BB36C2EECC2CDF29697E7443DA3AC9B2D856D11D9169F17B8C6130A119268B5FFDB9EF413A092A32DC01E4AD608CB3ABC2F6E9F1C9A9F078C7781ED298C6B1EB2B769AA4D73478670D70C1197BE8DDA366DDE2BA327A0591F30222F94181FE5EB018DC30A9511A03D0DA06C60A0F495496930E6C6F910BDF2EEC7FA525CFADDB7F3E17858FAC8788F0FFDC3AB6FE2DDF4CDFF2810997FCC65B3F30D1911132AAF07E44C9560373E545796BF543C8DAED9221C8A9B46F17F773EF1A68BCF69145EDFE8CC1D26BDFCBA89E3028B4FC5300DEFEDC5635E533055B212A9E22E80BAF1713EA9E1AE882A57D6640D56B985456FDEC4017D5B44F0E7419DCC40707CCBBE9A264FAF9C8BA8DBF22EFD784243C116B08DDB5D0B2FA0A2B546C5A1CEC78C9C7F0B51A2DB3A2BD8E95525CF7560D5D8EDD6E01B7457C7607661C5868736FA3A32272B937EC7D52BB7BB87207F20C1EEABBEF6E820F006EA54D567448CF76F5EA48E6AFDD46695AE9DD8FD27DC7AD8E20D24A715D76FFD1A9435E12AF3B591A591CD57631A823235B7E897AFF91A643934D77FA3472B2B58A271D19D7B25BF17B0F1B1D9A699AF3929111CD203A747CEC4AC35EDA86121E0A87D4B71B0F31FA33BB8A3E6898E63E38A2BB13BC37661C6434E7580238F73962351CB58F63B8DA7B84A61C2520FA54889DCC7A9D6A51C9F746D941F985ED2E43E2F36C55AA89569190699F22E3D2AF4A5445048D84298DA812BE9443252B7B3C4C1D59248A54AC3325A18A3CF56235418075B2F36547ADEC3C4FBD6C4D685D9DECAC55D78ACEB2D44B5607F4E80437086D12A816B6E778532ED6A921C6B8692FA4F61AE9218597F66214AE7968AE441E4E34692F26611B90FA46E028A247FBAA3A33DE94214D63081B65075826DC6DF8AAEC383854493515CD06216C8B6050F91A21999531FFC3179919C6DEBA82A0FFDF17820E371F2BF3DCA255584C0B058D8A2CC2A9C21DC4C0259335DA5056C0C12499DE2E48DFE44C4F6CE91D9725746FD143823709265586C1D2E78E3AE9F4B24E7E1AF1CAEB3C7BD8D05F711F55206A7AF456C603FA39F17CB7D4FB46717EA181A0F3D6FC2C9FFA12D333FDF57B89741F2243A0DC7CE574FB09061B9F80C50F68015E6117DD08FD3EC33570DEABB35F1D48B32378B3CFAE3CB08E4010E7185579F29370D80DDE7EFC3F62C696D7E86E0000, N'6.1.3-40302')
GO
INSERT [dbo].[__MigrationHistory] ([MigrationId], [ContextKey], [Model], [ProductVersion]) VALUES (N'201608301208447_AddNameToApplicationUser', N'GigHub.Migrations.Configuration', 0x1F8B0800000000000400DD5D5B6FDCB8157E2FD0FF20E8A92DBC235F9A2035C6BBF08EE3AED1F8828C13F4CDE0489CB1105D6625CA6BA3D85FB60FFD49FD0B2575E555A22EA3D10401828C487EE7F09C8F771EE67F7FFC77FED3ABEF192F308ADD30B8304F66C7A601033B74DC6073612668FDC307F3A71FFFFCA7F947C77F35BE16F9CE483E5C32882FCC6784B6E79615DBCFD007F1CC77ED288CC3359AD9A16F0127B44E8F8FFF619D9C5810439818CB30E69F9300B93E4C7FE09F8B30B0E11625C0BB0D1DE8C5F9779CB24C518D3BE0C3780B6C7861FED3DDFC92AC665946D3B8F45C809558426F6D1A200842041056F1FC4B0C97280A83CD728B3F00EFF16D0B71BE35F06298AB7E5E65D7ADC5F129A98555152CA0EC2446A1DF12F0E42C378BC517EF645CB3341B36DC476C60F4466A9D1A0FDB0D0611AE392FE97CE145241767D8599AFDC8C83E1E959EC704217F8E8C45E2A1248217014C5004BC23E3215979AEFD2FF8F6187E83C14590781EAD105609A7311FF0A78728DCC208BD7D86EB5CCD1BC7342CB69CC5172C8B5165B23AFCFC86701DEFB06CB0F260E96EABB638F9BB00C09CC1CC378D5BF0FA09061BF47C619EBE7B671AD7EE2B748A2F39EA97C0C50D05174251D224756E550EA97793BB69E1247773702EBA09D0D9A9C45A546D97288C2026208C0082CE0340084601C180A9B59AFC79192137469544894F4F4E3FF4F7A928F90AEBFBE8566CAA7EB704FA0A8364E79C14C5A68DBE6D6BBA032FEE26759CD40FA6F1197A6972FCEC6EB39E9A10F7A948BE8E42FF73E865E4CEBF3E2DC324B289054221E911441B88F4D5C83B3E8516792AAB44FA51AA4396225341BB855F6EB7B815A6BAE0412AD26FED5CC1836BF9E3B5C3861EFDE4F87817523FFAC0F56A1BED7B2DB11A52F08469ED463EAC9A6A88290A82D63A3F8038FE2D8C9C5F40FC5CA33AFEE700AA2FA19D44B8312C11F0B73B97F6F01C06F02EF157A48D8D276B30D73CFE165E031B0F851F0352AA37DEA7D0FE1626E863E09061E90BB2C5514A136010752E6D1BC6F13526337416215E0F344D10EAE1488FD83891D36B7F9D07BC85075C3F960E355CDFFD5464ADC61D790E611052646B3B287E0A376EA0A76A9155AD6A96A351D53C5B5B5509989EA6794EB5A26986463DB35CBDC6F862AA4AF0520FD58DF2B7E5A2EE32DEDE41342B4ACF32DCEB0863E24EFADB4C803D32B40B57D38453DD69C2D9C96A7DF6E1DD7BE09CBDFF3B3C7BF73D2E168829F7314549DD4784EE7C6C4A257D055EED82A28BA84EAD21ED04866F0D29ECF45B43AA26FEFCE23A645662359728326378ADFC059FDBB6394EB3B19B0353CDB1858FD307746A2E642C1ABEB510D4E937163995A5594985BAB07E5FBD7FA1EFC418373CDB0E8369DFC9BEC6CE1738A4B9C8A7E2B4BF9FF26CD53C5C4C1526E1922C6D66E097711CDA6EAA957C9BAD5871B135C58B61436FF995D95CB2EAC01EC00C75C937AC1776BDC9F3ED3EB8821E44D0B8B4B3A3A105886DE08876C775735AEA57D888D24FB2F66035FC9B2018B70418915280EC2CC5B89DB901129B8D1BD8EE16785A16E34A6B363B6284520E9F7205B7302095D332898E02CA11C62A65711E6AB2D4DCA298D88EA0F93A5B9700FCA27B6A04E556FB0A82E6CB815108CA5A6C0F04654D727004CDB65774FDCFEDB54C8D9EEC268F829DD97C68147232E6DA0337197B4C9E9AD4F9A1CAE1B2C3C4CACBE9317B9363A56012CA8CC9E84E6413D51F8161A20374845687F77B235676245C4705EE7CB817ADD813651A2B3B999E2297189D47A21263731D99E56586BD1049B22052B1A06E75248E4BB23169476366CD9A6CFC01536DA51108A8B6848E70F9EED44E8898AD8E7119844BC0489CC95DAD48227C45927D1E5CB17CAB27CEB70A786610F02544740BC30BFD6A49CE765D42BFC7157737D2C2A40F6D289AEF3008658591B80147582BCB40250BEA16B0C5F1692D6CBE0C6A019B9F75D6A266ADB101B409480A42B1AF42529D715399EB4FC3F9E6A1BD3B53D6A96486D0D4B47752282C193BF8EE93B544072B15FC68B6926C83A0CD16412F2B71CB7985958ACA0C6EA59CA5CD46922C525B2C537B99885D522A2C9457A4B781E81B94A25554EBA3A61512A574D63BD7545FB2266A325FC77AE6C389BC9A92D97AC37CBD6D25D9193A5D3A1FFF7A5752B67B2ED6B6694AA93BA9A46A2065A3EE1C702086175BFAE5A4A54C9B5B59F847FE616E29E244E6B760BB75830D1537927F319659D0C8E28765FB900A3FC3B06CC6CEFC14AB9484C2086C20978A45634DAFDD28465700811520C72D0BC717B249A7688A91BB10C9CCC2441716037A919DFCBB6C547CA88764229B97BBC6D5F2C95438BD69C3D35F2C6790A81DE081487260B608BDC40FD4537275E9ECE88B2E9F7D1111E616A7B830EB164C232C895843EBB98174253D9C8067BD1D5C202BB51B07541B3334867ABB468D54DD37A59154B750EB90F230091A26FFA48F516E13D028CABD83BDD14BD5DFEBF28B5F19B5E75A23C2BE1BBE0A21BF974F43E49F5A625057BB05302A4D1F95BD7D4F63B229FA88DC157B1A924B6AA1257D919E51924EE884A7B0A83C87BE04F1EA3C8D2EA6EA234B2ED1D3D092E40ED8129DF9B416FDB678CF9EE9C0C5647DECEAD23D0D597D9D4CEF2959C977EF4AC5FDA0F69DA906C66EBAD3E2D88E77583B14EAF6320D447D6E8995DF4F16C0F2EF932492723FA60B91B21DC07E445260A8FB1BE6CA2FDBDDD4DE53566332F778992EBDEE1EB31AAF1D5D27400AD5FE53174EA45BAFFD282187D86DE7501C77D028AA2390BDF96C283FF5F4513BFF7C174B6861BF87CF524A2FF77DB8FD9D79BED7D2FC5888B0F99265318DA23BC2D3E2B718417F4632CC96BF7A0BCF8564125464B80581BB8631CA2E1B9BA7C727A7DCA323D37900C48A63C793EC5509AF80B0CE1AE18A347283379798B5C785E7E00544F63388C48710867B796374C3A446690C616B1B5ACB3D8051594E38F2BD091CF87A61FE272D796EDCFCFBA9287C64DC4798FFE7C6B1F1BB78B7BDE7C3180EFE8D7A3F8CD19111222AF7EE45C9560D73E545596B0D43C8DA0D9731C829B56F17F73736E3F445863ECF2D28A8F09E46EDFEBAC2CA6DDF75C95E5628B4FC8B0F5EFFDA5635E9EB09BD10252F240C85378809552F2074C152BE7E20EB8A742A2B7F0DA18B6ACA9710BA8C98FC3B08FA7D7F5132FD7C64DCC45F02F7D704273C626B706300D7B2868A7694EC841CEC20CC8616B61A82B3A2830EC042B879AF862E8694B780EB1136DE81190716713DD8902B09A81E0C7B9FD4EE1E45DD813CA34720EFBB9B60E3925B6993151DD3B35DBD3AE9497193A549A5773F4A0F1D4E3B810030C92DDEFD07CD8E7977BDEEB86A62E15DFD42632746B6FC6EF7FE0360C7269BEA486BE2646B15E63A31AE6597F5F71ECD3A36D314873013239A46D0EAF4D89546E3B48D703C140EC92F5D1E62506A76437ED4E8D17D70447555796FCC38C820D3A9C495EE73C46A38BF9FC670B5F7C051317881F72917D299F53AD5A292ED8DB2D3F70BD35985D8E7D9AA5411442320933E45C4255FA5A892C01E01531851057C21874C56F6A6993CE089172959670A422579EAC52A6213EB64E7CB8E5AD9799E7AD98A88BF3AD959ABAE159D65A9972C8F3352096E10DA24502E6CCF61B04C085643E873D35E48EDDDD4438A7A1DC4284CF350DCB33C9C20D7414C423720F935C34904B50E55756ABC2923ADA610CD4A0FB05414DEF855D971CCAA946A329A8D42D81631AAE2DD443C2BA3FEBB333C338CDD4D0541FEF3B300DACC7CACCC7313ACC3625AC8695464E14E156E21020E9EAC9186B20636C2C9E47641FA54687A624BEEB8ACA07313DC27689B205C65E8AF3CE6A8934C2FEBE4A781B8ACCEF3FB2DF9150F5105ACA64B6E65DC073F27AEE7947A5F4BCE2F141064DE9A9FE5135F2272A6BF792B91EEC2401328375F39DD7E84FED6C360F17DB0042FB08B6E987E9FE006D86FD5D9AF0AA4D911ACD9E7572ED844C08F738CAA3CFE8939ECF8AF3FFE1F52363663F56F0000, N'6.1.3-40302')
GO
INSERT [dbo].[__MigrationHistory] ([MigrationId], [ContextKey], [Model], [ProductVersion]) VALUES (N'201608301444044_AddAttendance', N'GigHub.Migrations.Configuration', 0x1F8B0800000000000400DD5D596FDC38127E5F60FF83A0A7DD85C7ED631C648DF60C1C1F33C6C4769076827D0B68896E0B91A81E89CAD818EC2FDB87FD49FB1796D4C953A28E96D4418020CDA3AA58FC58244BACCAFFFEF3DFE5CF2F816F7D8351EC85E8CC3EDC3FB02D889CD0F5D0FACC4EF0D30F6FED9F7FFAEB5F96576EF0627D2EDA1DD376A4278ACFEC678C37A78B45EC3CC300C4FB81E744611C3EE17D270C16C00D17470707FF5C1C1E2E202161135A96B5FC9820EC0530FD417E5E84C8811B9C00FF3674A11FE7E5A4669552B5EE4000E30D70E099FD8BB7FE3579DCCF1ADAD6B9EF0122C40AFA4FB605100A31C044C4D34F315CE12844EBD5861400FFE1750349BB27E0C73017FDB46A6E3A8A83233A8A45D5B120E524310E8396040F8F73B52CC4EE9D946B976A238ABB220AC6AF74D4A9F2CEEC738C21720151B46D89EC4E2FFC883615B4BB5FF5D9B3B29ABD1203042AF4CF9E7591F83889E01982098E80BF677D481E7DCFF90DBE3E845F213A4389EFB3A211E1481D57408A3E44E10646F8F5237CCA05260C6F5CDB5A34B7CCC484506EBE5C88ACCAEE3C976CF437081F1FD9D61D91183CFAB084CBA29604CB3EA3439047D68F6DDD8297F710ADF1335959476F6DEBDA7B816E5192D3FE843CB2DC48271C25B099F71DF8E6ADD349D348615B1FA19F36889FBD4DB6329889FC52B5BB8EC2E063E873D828ABBFACC224A2587908F56D1E40B486D85C46A2EC26F1D2264AC9484D9D50B45A25CF72512D85FA05B2D910D8A6A211E311B558257CC709964A17E08F82568127FDBB8EEBC1C136B85E05C0F36BD81E9DBC31626BC0856C644F5E14C052B7EF428253805ACBFC01C4F11F61E4FE0AE2E71AD1C93F07107D059D24228B618541B0D93AB70FCF21827749F048D7D878BC069B9A873FC26BE0E030BA42B4576F7AEF43E76B98E02BE45E020C3F61A720487F3E7881398141C439771C18C7D704CCD0BD08C939ADDFE6482D62C3B2375D7F9DB7C60B1F7841ACDE7978DBFDA568CAEC40CA16F24EA46ED676877C1FAE3D64266AD1542F6AD6A251D4BC595B5129313349F3967A41D3068D7266AD7AEDF1372E4C8B28BD7486EA76F9DBF2B07D1E6FEE20DE2F7AEF6774AF23429318E9AFFB12D93DCBB873754C38323D261C1F3E3E1DBF3D7903DCE3373FC2E393F18F0C3A5BC0A871452C24FC0522181133E67E00E4A416A16A064CECC614479474FA28D3ADEF4D29A7CFC04F8666D56935A44660F8D590929DFF6A48C524C5DF3C979E4A0CEE9C456342DEA87D81E7B66B4E906CECE5C00D736CE6E3D8804ECB85EE45C3AF164A75FE8B450D6565533AA02EA89FCAFA17F2CE0471A933C4D40D417EED9CEB61FBE788F3087B319E024BD5F54DBCCEB524F419A2DA33C2D1C9C936E4273A8F98C5F0EE15F7724FA6F3A0BC2E50CF5D515DDD11AA52E962C054B5F640D24169A5C86B7921D242A50C594DAF0B49CED1788DD3E63BB7CACDA0D3CE573808E85B6FFDC36FFBBBB1E57F270EE6AD7B9AE8B945ED1361E7FB4BDEACB23372AD6470144DDA589EF3380E1D2F954AFDBDA3707DF123BD42AE65E607CB74AE70FF90192008F56819918B4CBD2DE2ED1E5D421F62689D3BD9B7D30B103BC095F54EC6E6B694AFD011239FC209C44BF80F8931590930A2BD0075F1C7649D7908CBCBC6438EB701BE91C684DE86CB8E2AA1E423D65CC20DFD2E87B0914A4C04D01EF517252F61869A34B55C30486C07D0DCE1690A00D1FB3937800A6E570D4073BFCC2800E5353601407995EC1C40333FB7E9FC0B4EEFB9C193F7B66BD0999D87460127A7AE09B0C9E963FED0543CF8D0CE7CDDEB0F0696CC03A2A619AF27AE00D59898EF0647FD38C600A37E8A4CB8EB1F488D0447E68AAF038AEABE5FE123F58499A34EE121D825B0C9E28F803179028CA055FAD7260356E643A98382E0C2E9052BDEE9C3D2CA5C3973C41227F34850E2746EC2B3F4374EBD615250186C67DC7BC401B749F621633D540F073A6929798FBBAB31CA34C28AE66DF0184851787274B35AE7D6910FD4AAC3F4960EFB35CEA4F14FFA7A2D8D8041BD264C98ABBF6F6E0588995B8FF4C1A4078CE42BE8E523AD842F58E1A02603CB7DD471EEE314914189AF2096AC616C5B95435161E2248BC613CA3D9D3209F108D64047F2D9A9882A1C7B2DC816EFE96AC9E6EE981664F3C76FB554B3C5D54094D83C159D745F68EA4AB75665E7ECCCD2D0BD69084AF1191833B8D23CB7641AD73FCC14D799B17FBA1C53894969CD1AFB92195A2A5C8A7698D744072D15C86CD692CA45DAC649DA4B4B824353A3A56230836B294769B392146EBA168EBA5E2AE29D6A1A0DE503E9AF2055D08F423D4DAE22636711331E6E03A953508D7BA849D31D54C23E359035A1F35234F929184133235D33608567624BE3CC6DBB7A988A3B73C3ADB9ED20F97B32DB3BDF8C86C477BA09D6425BBAD4995CEBFA019ABDC83568AFC3E8551F94650D345D564CAF2B8CFC4AF3647ABB18C8E4155FB9CBE37059B75C6421C379C172A1892D5EDE82CDC6436B26D6382FB15659A0F1C50FABF661B8414663E1707A160FEF25271C46600D855AC29A487AED4531BE04183C02FA02E1C20DA466CAC3BFE62857B094CFF7F23C16C7BCA20FFD77695794E1C18ACB52DEF99A0C30A0D7ADF41D9F7241C99D2D1AF80D7C10A983752F423F0950AD27404F83F585B384EA7CE41447C278A40B9FA436E936CECF84D13CE956ACF10C09D7AC0ED3D44441A76751BFED66297BC8C3F6CF4ACC29E4519F2C89BCA8250D26705022C6D49953E5633B599A7C8D3945218093252954B590920DD3E484642B3AD1D36854DDC29C831C98C952976BCD292B423459D28AEA0EB415328B752DAC9C1CC5C9193BB9DA9C7615D2C992AC4A67633D1597F3EEA654762EB537A60634B6634E8BB708E284B5A3C2C4C6B18498E296B4F2E83789585E3E4B20695D2C5D8094B913FB014943436F6FB88032DEDCD446C1E9697251629C49AF8B92D3D36B07D7198042E752EA8289D49BDA0F126A12DB350EC5A710968AEEF3C8647396DEBDBB4F93C289603033CA5EDBB1F3D56B0C6EB7D7BED1D053AAA295584ABA94147594F2F025964C5E644EA37C1BC05DFD740F06A68357E6DAEA0130955BCE0462EA7E53DFCD269A86A1AC714F4BDCCE0A7F177322F9E5C42625F7D23F27F8E196B94FAC3911A0E424CB9AD85671E82097DFD718C3609F36D85FFDEE5FF81EA4579DA2C12D40DE138C711627651F1D1C1E090905E793DC6F11C7AEAFF029AA33FCF13336D7747B1E52BD55B821B45FCEEC3FD31EA7D6CDBFBEA49DF6ACFB88CCD9A97560FD7B80147DE81B889C67A04AF3260B5075E7A51003DA860936AC75B98D11AF57E9A6D5006592990DAA234A33BEF549E7A6A49A86F95554BB676F7BF4F02099DB0A29FF168097BFB7154D999DAD17454506B6A1E80DA2425D86B52EB4B4D9D55CF2130BE1F8268355675BEB229A36D35A6A177BE65933B76F45CFB478CFBA893F21EFF784543C106D08564E585943655351F8C2C6B073A99E1BF34BF44A5AD36A9BC9BAF6D8626469A47456BD16BA9CB2AA05B91E69A93A2063C7323A0DB6E52A12360D467B4A6877CFD2D4013CA367389ADA4CF0798F5A4993751D6366E5B88C5DDD23C4A444ED2E2379E7410120262B529D8EDA272BD29CCE4FFAE622C21E7A35BE3C665D5B5C1F5B26EF191D92E5E887BE8D35CF4CB78439DFDB05B6097574D0DB3F510F9DD16506390814011CD3E76D19330AA9EE71C1DC320CF4CACE3233B0E5613DD3E760191B6CBA070833075BAB4C2B33C35A162D35794295B191A6F9983637A0B5C99B323B98B181991D43D277055AB56FCF773303CAFCF09486D5B44D97B12B08523FE6D9C50C2759A0D7A8A948A6C088EE71CC64C8D8898C2506F323E711997E4B319D8371B7911DCC3B32975423531E7D1B1E74CDE3DC3B792E1139EA509C533E2D046B032A1795C240640FB3CE6CF73124B39F39BA6AE2696546E2E147E626B650B24C536BAB43AC45960A5F93C454D1A69EAD2641441DEFDCF550CB3B6F53CF5B9376A18E77B6206B59674DEA39AB637B45C6E9B624F14A4B55E49541D412CDEC182453CDCA9574D5C1E93A3535A8A8493D6AD54C9C39850F7BAFCFD3D3E4BDD5C427A893F3CC3951CA204AE116B3268E6778A56C2B2FCA202A6117903A8C65D03C1103E641194819F2262A46C7F757C000594F861A2E63E6CBD8986106D82FDD09BB53301115E30F65C0A42606028E0EC52D672D519A12951919C520B5C85222473D90E37D82E8138CECD7258CBD754562496822E87007FBB2CD0D7A0A8BFB852051D144F8CE7D0B3170C9A99FDA8127E060524DDFA6A6FF7F4AFADE8FBE907E84EE0DBA4FF026C164C83078F4B98772F49E52C73F4DC5C2CBBCBCDFD05FF1104320627AF4D5CA3D7A9778BE5BCA7DADF8A2AE21412F40F92B1F3A9798BEF659BF9694EE42644828575F796F7B80C1C627C4E27BB402DF6017D908FCDEC335705EAB97833A22CD13C1AB7D79E98175048238A751F5273F0986DDE0E5A7FF03E859C5D62B840000, N'6.1.3-40302')
GO
INSERT [dbo].[__MigrationHistory] ([MigrationId], [ContextKey], [Model], [ProductVersion]) VALUES (N'201609010808380_AddFollowings', N'GigHub.Migrations.Configuration', 0x1F8B0800000000000400ED5DDB6EDCBA157D2FD07F10F4D4163E1E5FEA2035C6E7C0F1E51CA3B11D649CA06F012DD16321BACC9138898DA25FD6877E527FA1A4AE146F22759FA00810644472737373919BDC2457FEFBEFFF2C7F79097CEB1B8C132F0ACFECC3FD03DB82A113B95EB83EB3B7E8E9A7B7F62F3FFFF10FCB2B3778B13E17F98E493E5C324CCEEC678436A78B45E23CC30024FB81E7C451123DA17D270A16C08D164707077F5B1C1E2E201661635996B5FCB80D9117C0F407FE7911850EDCA02DF06F2317FA49FE1DA7AC52A9D61D0860B2010E3CB37FF5D6BF6D1FF7B38CB675EE7B002BB182FE936D81308C104058C5D34F095CA1380AD7AB0DFE00FC87D70DC4F99E809FC05CF5D32ABB6E2B0E8E482B1655C14294B34D5014180A3C3CCECDB2608BB732AE5D9A0D1BEE0A1B18BD9256A7C63BB3CF1182A10BB0A16D8BADEEF4C28F4956C6BAFB55993D2B4BD92B3180A142FEEC59175B1F6D637816C22D8A81BF677DD83EFA9EF377F8FA107D85E159B8F57D5A35AC1C4EAB7DC09F3EC4D106C6E8F5237CCA15C615DEB8B6B568CE99A909219F7DB960AB2A8BD76BC95A7F13A2E323DBBAC31A83471F9670592845D0D5677230F2F0F8B1AD5BF0F21E866BF48C47D6D15BDBBAF65EA05B7CC9657F0A3D3CDC7021146F6173DD77E09BB74E3B4DA2856D7D847E9A2179F636D9C8A03AF24B95EF3A8E828F915FC34699FC65156D63829587489EE701C46B88F475C4C66E522FCD22D40CA7A89422C9227D968B6A28A807C86683619BAA86278FD86094D40B4E3054DA007F14B4327592BF55B51E1C0C51EB55003C5F51EDD1C91BAD6A356AC18EECC98B0358DAF65D84710A42639D3F8024F91EC5EE6F207956A88EFFD983EA2BE86C633C185608049BC16BFBF01C85F06E1B3C9231365E5DBD75CDC3F7E81A38288AAF4252AAB3BCF791F335DAA2ABD0BD04087E424E2190FC7CF0027D01BDA873EE383049AE3198A17B11E1755A37E74866C48661AF3BFE5ABBC60B1F784122F63CF5B9FB4B9195F240C21CBC27126733F590D791EF47DF21D4D396CA2D57B8CCD4A87395B3A5DAB191DAB18EDAB1B6DAB1B9DAEFA3B517EAE95C64952B9CE568D436CF66AA2A11A6A7699E53AE689AA151CF2C57A715D58D0BD34F445E3A1E546BAADB726B739E6CEE20DA2F4AEF6772AF632C13BBC4AFFB9CD83D4BBB70B5283BD25D941D1F3E3E1DBF3D7903DCE3377F85C727E32FD064332F65C615F647F05718C2183B0DF703C0EBE238AC7A4067969E624198761FA974F095405AD367E06FFBAE4A7B3464D3545AA5EECEA22C32C19EA2985535F7E085EF688374BAAAB11148EB3DDDE6BDD06208F7594CE1CDEEB37009A65E7F88B58AA6D650AC752B17957AE6FE5D542A76FE2E2A55137FFEE6B9A44735867C91198BD7CA5F3819D3E981D16CEC19A2D6CCB12B1FC731B71A2E645CF63F5A88D4F90F16319485594983DAA07EAA2559A1EF4C1097C68375D74BF8D7CE455F875FDC9FC7C84BD01458AA22586C44CB50D067182A17EE47272743E88F6D1E5383E1DD2BEA744293F68370B1440E2F8AE46A75547DE576EB5492F1210C6994548B3CB5AE44FA51A84396D2294A90D7A83DC649F69D1BE57AD0313B2EE905F4C6AEBF7FB7BF1B2EFF0739631B3CD84ED62DE24025DDDF5FF26CD53CC3A772138E208BC9CC739E2491E3A55A898F7C8BE87FBDA557A16BE91D056436176C7E710F60847AE41BD60B77BDCDE2ED3EBC843E44D03A77B2EB2317207180CBDB1DB7CD35D4AFDC4A57FA0922B3750DFFC2558C47028C4929404E39133CCEBC10F1C3C60B1D6F037C2D8B31A535871D3142590F9B720937E46A4288B44CA2A38074A9BF28EB627AA8C952CB05854433805641145D0C084E7F0C60CA8240A71E01DCA8D0E72830E31A3D01D23883E8E8A00CBA4E08B8D81870F148808BE704B87806808BDB004E10A1980870F939AB2E0AD843D7B9B960E6B457E282F3C8F32850AD5B6C029CD64DB2732E383B5ED7ED7FE6AC7D6EF0AC1FF24BD099EDF8460167CD5C1360B3668FF9435370AB57DAF3AA2BBE142CA95BE24D3DAE162E00D598986F0747793BC600A3BC8B746A97DF821F098E54105306145144B3C2471AEBD7479D2006BA4B60E3D51F01637C076841AB3C41980C5859945805052648DD0956F5B0362D2B0B56CF114B359D478252CDE63A7596272A533B4C020A0D77567B74D2A39BA45FABA8A1CAEF89BBBA36AAEE71BD1A654C2DAC481E808D811441AC5AD6ABAAC035BFA0162DA6075AEC2BC2E5E3AFF4E5561A0183724BE8542EBEC1310810B3830B5C06E11230E6B7A0978F2411BE20C1111C6E587E0A97E4A7382C3288F01544DC6C98D85675642298E2B819AD2E283FCBE145B04BB00639DCA98448A8E0E8A2416C190C1489A3228506DA15AF0194DAE5511D03B1F9D57DA5D46C8C3608C553A7484EEA5E9A8A120F2D2C9C2D7D1A8A373541A83E351A28784A9EE65099D58F78D8E1AA7D9057B6A9843637F4B50FDD28592278B3D379DD122DAC445DB36D3694E4384927EE0E7B32177F6E4489A347EE50968A4D2CC52E030C4F42FAB0543CBEA58AD9AED94CA2E8BD49FCBE93819858BB64E4158DE9DD4AF9CCD76C244104D92086DCC944F578AFC4427943BA1B48443A20304F5314533B8E49B5A7B6B651194811B96CB2740B93D0F7FC784BC802684D21344AD1CCF12B1A2C089A0DD4CE7CBD206EA6209CD310D0316D643D844397CE17387DE23B5D5829A1CDC51B74220EDD004DC7181AACD7A2F5A2DB5CBC059AF6D1BA3B694A7FE1F4A4BBF1ED69CA2BAE98953BB5326DB9C8288BF20FCB8584DB68790B361BE2AFAB92F9176B95111D5DFCB432A7010A32190BA76667765F59D684A218AC21938AABC69A5E7B71822E01028F805CFFBB70032E9B705F2AD91E1455F25B4FBE1F8BAD435186FCBB9C5784F444827D7C5EF81A3730209180F412BD7040F1852D423C057C108BC9822E227F1B84CA20955C067D4C430B521DDF101C31EDE162119CD9B84051BD27B4FA493662B57B888900B4E8A62609323BB3F635EBA5EC162D5D3EFBA22F21679DA145E49F0C6550C4259C302A4D5F6A9D5B8696594FD197C810C8D0229924032D699A989A9274422B79128B8A73E8D7C013C3D0D2F9547DC9028A185AB420B9856C81CE6C9AC12CC7B3C8D4263B3E595F764529438BACBECE66F614047CDA4FA57CDCD37C32D59031CC745A5C93613BCC4C0AC516410BA23E1BCACAF9203861F9F7D900898AEEB4075015E936078EA2ACCCC0F45566DAC0AA2BCE8DD2B85593EAFEEA2CC6BD3422D666DC67270ADDC6BD4486DC3DD41EDFD7BD839231402EB3F6A2BEE681558C02727966B3CB0C40218B00B6C1447AA0D20D126211C3CEE5C5A12A2D4576D03A599FA5A192F6DD2488F968F48CB0D4306EB9BAD7555B9C496F7BC925552FBB694932064395A4FCA9372D26FFA42FA3BC6554DBA9CBAE1E4D07AF2C12D90160A228AA0EC4C4E5A6DE4A4FD40D7DCDC61D6762B359F887E8132E8CCA66296B2FC3A94CD8749987309B79E3B9986696C5B68A45C799BD7A4D100CF64986FDD5EFFE85EF41B2332D32DC82D07B8209CADE94DB470787470CFFFC7CB8E01749E2FA8210B09810BEDE63736567F742D1ADA71B2CFBE5CCFE675AE2D4BAF9C797B4D09E751FE33E3BB50EAC7FF5C0E81E7E03B1F30C44ACE0BC0255F1BA16ECE3FF7E88199411D231B80D2ADB1835901799CD412AA18420BC0BFBB7506A4A8950496D4FF6FDE8A15E88BE0B2DFF1480973F9BAA2624F3EE245140D8DD97BC5E4C2823E46E234B4AC6EDE29F88A12ED269AC989CBB8D6A5262EE745EEC48CBAD3FBF1525D3CF7BD64DF229F47EDFE284076C0D66966346565FCC7382D0E518F35C6AE7462EAE4E047F466E262BDAC1C5F0DA707CBC9D063ACFB96B20AE05AF6E0B444CCA726BD4DB55F15E7B9CE7BF6DA3D5484B9D8638E60F4974DADBEA4AC063DA9BEC2967B1F6E4A52DC0333AF1E7D41EA14E076AA44D56748C9EE51FF3EDEA7280E5EA34DB77E6857B0500CBE1295A089B73784A3662275D293A9117BE6AC709B2A2069102434ECBD12159B6BEEF8D7773CFB4E391FCD162154DA8238D1E7EF3D437D1E10C886B04AFFEA6A7331CF3E9AAEADACFDC6869BA9216F6451947BDED9C8E1B6E0C90A8AEF6FC882483FF07C81800D95552C099B9ABFC19F8F4D47F63BB2BD96DB599BB2B2382BF99612D7B5D3F398FDFD84893DCBC981BD04CE8FA6607339A0FA42513D2AE404BF9AE6C3789F7E687A7F4C9AC294BDBAE20487CF3731789F5B247DCA332E04D8111D94DCAC990B11344791AFDA3A4749FC8A5E8F6C1B86E6407E9EEE6C27037E5D2B7E1F6EF3CD6BD9353D8F18C026C9FE69784F9CBA96A6ABAEC16EF99ED3E46B8F7B350B9822B83AF885DFCF0B5B1398455A6FF6795983E85AD5210ADE62A15E451572B211463EBA6625B5C9D549AA82E05C594AA85798043D9C23C8FBA8512E22655DDD9B057569D6551D72C6607612B4E9D1F5757FA55245E48C3C2C9CC165BBCD4ECBB50AE98DE4666A606133599476C9A89F9FCEAC4396A124AA93FA98D4CC9EB69CE57CD9EBEAFB569B8898379173C982906E3E7DB21530C47C0D7CB50A94DF19207C7FD1B6528BEBD5E4C424FABE2F7B63D1864107EBD9E8CC12FE058D6A5EE06E8814DAFAFE652CEBF7CC4DB4F03BBD1E8D1EB07EAE9E7F84DE9912C4F43C1D1A138301B9E702A114D23A34C4806EC77FCF34CBCB5DC86E40261F6EB1226DEBA12B1C43243E8D43695659E9BF0292AF6B68C464516E696D62D44C0C53B4E320F3C0107E164F28826F5D2E9C304F294EB11BA37E1FD166DB6083719068F7EED9A37D923ABEA4F29FEEA3A2FEF37E457D24713B09A1EB973791FBEDB7ABE5BEA7D2DB80F26114136DFF91D55D29788DC555DBF9692EEA25053506EBE3266F000838D8F8525F7E10A7C836D74C3F07B0FD7C079ADEEBDCB84347744DDECCB4B0FAC631024B98CAA3CFE8931EC062F3FFF0F2D24E5B5039B0000, N'6.1.3-40302')
GO
INSERT [dbo].[__MigrationHistory] ([MigrationId], [ContextKey], [Model], [ProductVersion]) VALUES (N'201611141428052_AddIsCanceledToGig', N'GigHub.Migrations.Configuration', 0x1F8B0800000000000400ED5DDB6EDCBA157D2FD07F10F4D4163E1E5FEA2035C6E7C0F1E51CA3B11D649CA06F013DA2C74274992371121B45BFAC0FFDA4FE42495D79172969244D5004083222B9B9B9B9C84D6E922BFFFDF77FE6BFBC8481F30D26A91F4767EEE1FE81EBC068197B7EB43A7337E8E9A7B7EE2F3FFFF10FF32B2F7C713E97F98E493E5C324ACFDC6784D6A7B359BA7C862148F7437F99C469FC84F6977138035E3C3B3A38F8DBECF07006B10817CB729CF9C74D84FC10663FF0CF8B385AC235DA80E036F6609016DF71CA2293EADC8110A66BB08467EEAFFEEAB7CDE37E9ED175CE031F6025163078721D1045310208AB78FA29850B94C4D16AB1C61F40F0F0BA8638DF13085258A87E5A67376DC5C11169C5AC2E588A5A6E52148796020F8F0BB3CCF8E2AD8CEB5666C386BBC20646AFA4D599F1CEDC738460E4016C68D7E1AB3BBD08129295B3EE7E5D66CFC953F62A0C60A8903F7BCEC526409B049E4570831210EC391F368F81BFFC3B7C7D88BFC2E82CDA0401AD1A560EA7311FF0A70F49BC86097AFD089F0A857185379EEBCC9A73E66A4228669FCFF8AAAAE26C2D79EB6F22747CE43A775863F018C00A2E33AD08BAFA5C0E461E1E3FAE730B5EDEC368859EF1C83A7AEB3AD7FE0BF4CA2F85EC4F918F871B2E84920D6CAEFB0E7CF35759A729B4709D8F30C832A4CFFE3A1F1954477EA9F35D2771F8310E186C54C95F16F12621587988D5791E40B282C85C476CEC26F5B22C52CD708A4E29922CD3673EAB87827E80ACD718B6996A78F2482C46095B7084A1D206F883A095AB93FCADABF5E0601BB55E85C00F34D51E9DBC31AAD6A016ECC89EFC2484956DDFC518A720B2D6F90348D3EF71E2FD06D2678DEAF89F3DA8BE80CB4D8207C3028170BDF5DA3E3CC711BCDB848F648C0D57576F5DF3F03DBE064B1427571129D559DEFB78F935DEA0ABC8BB04087E42CB5220F9F9E087E6027A51E77CB984697A8DC10CBD8B18AFD3BA39473223360C7BD3F1D7DA355E04C00F53B9E761E7EE2F6556CA034973889E489ECDD6435EC741107F87D04C5B2AB75AE12A53A3CE75CE966A27566A27266A27C66A27F66ABF8F577E64A6739955AD709EA351DB229BADAA449899A6454EB5A25986463DF35C9D5654371ECC3E1179D978D0ADA96EABADCD79BABE8368BF2CBD9FCBBD4EB04CEC12BFEE0B62F71CE3C2F5A2ECC87451767CF8F874FCF6E40DF08EDFFC151E9F0CBF4053CDBC941917D81FC15F610413EC34BC0F00AF8B93A8EE0193597A8C0561D67DA4D2ADAF04B29A3E8360D37755C6A3219FA6B22A4D7716559111F614E5AC6AB8072F7D471BA4D3550D8D405AEFF136EFA516DB709FE514DEEC3E4B9760EBF5B7B15631D41ACAB56EE5A232CFDCBF8BCAC44EDF45656AE2CFDF7C8FF4A8C1902F3363F146F94B27633B3D709A0D3D4330CD1CBAF2611C73ABE142C665FFA385489DFE609143599A9534A80DEAC75A9295FA4E0471593CD874BD847FED5CF475FB8BFB9BF48244C8FB880D25C84FD118A8AC63617C6CCC52D0671869B700472727DBD01FF75E420DAB77AFA8D3594FD60FD2651739062993EB7556FD55D8F75349D6C739A4514A2D8A545689ECA354873CA553BCA1A8D178B620D9776EBE30838EDDC14B2FA0B75E44F4BF80D88DC5C30F725AB7F5B03D5901C9439E747F7F29B2D5F38C982A4C38922C3633CF799AC64B3FD34A7E785C9E23B02DBD8A3CC7EC5021B7B9641B8D7B0023D427DFB05EB8EB5D1E6FF7D12576F5083AE7CBFC22CA054897C013ED8EDBE659EA576DCA6BFD24315E56C3BF0815E3910013520A90F3D2148F333F42E2B0F1A3A5BF068191C5B8D286C38E18A1AA874FB9846B72C921424626315140B969985575713DD464A9F98C42A21D40EB708C290624E7481630E54160528F046E5410751098098D1E016982414C74D0866F47045C620DB86420C02553025C3201C0256D002789758C04B8E2C4D61405FCF1EDD45C30776EAC70C1450C7B10A8B2161B01A7AC4976CE05E707F5A6FDCF9DDA4F0D9EEC7501053AF31DDF20E064CC350236197B4C1F9A92FBC1CA9ED75D16A66049DD376FEA71BD7009A886C47C3B38AADB310418D55D6452BBFA3EFD4070A482982AA0C8229A353EB2530373D44962A0BB043651FD013026768011B4AA1384D1809547897550E082D49D60C586B5695979B07A8A5862741E084A8CCD4DEAAC4E54C67698041406EE8C79BED2A39BA4DFBDE8A12AEE89BBBA36AAEE61BD1A654C23AC289E920D811449AC5AD5ABBAC0B5B8A0962DA6B7B4D8D784CB875FE9ABAD340006D59630A95C7E17642B40CC0F2E7019844BC044DC825E3E9244F882244770B861C5295C5A9CE2F0C820C2171009B361EA3AF59189648A13663456507196238AE097600D728453099950C9D14583D82A18281347450A2DB42BDF1568B52BA23A16628B47005AA9F9186D108AA74E999CCCBD3415251E5A5A385FFA34146F6A82547D6A3450F0543CF2A132EB9F03F1C3D5F820AF6A53056D61E81B1FBA51B264F0E6A773D6122DAC445DD86D3694E238C924EE0E7B3297786E4489A347EEB62C95D8588A5F06589E84F461A964784B95B35DB39964D17B9BF87D270371B176C5C82B1BD3BB958A99AFD9489208B2450CB99389D878AFC2424543BA1B48465F20314F5314D3388E49B58759DBE80CA4895C3659BA8549E87B7EA2255401B4A6101AA568EEF8350D9604CDB6D4CE62BD206FA6249CD310D0B16D241BC2A14B170B9C3EF19D2DACB4D016E20D2611876E80A6630C0DD66BD17AD96D2ED1024DFB68D39D34A5BF747A32DDF8F634E59557CCAA9D5A95369FE5E447C587F94CC19234BF05EB35F1D775C9E28BB3C829932E7E5AD8130A85B98CD992B133BFAFAC6A42710256904BC555634DAFFD24459700814740AEFF5D78A1904DBA2F556C0FCA2AC5ADA7D88FE5D6A12C43FE5DCD2B52A223C93EBE287C8D1B18924840761D5F3AA0C4C20EA1B0020148E4B4431771B009236D904A2D833EA6A105E98E6F088EB8F608B108C16C42A088ED09A37E528D58E31EE222002DBAA94982CACEBC7DED7A29BF454B97CFBF984B28F86B6811C5274B1914058A208C4A3397CAB2D4D032D91473891C150D2D924BB2D092269C6194A4135AC95358549EC3BC06916286962EA69A4B9690CDD0A225C92D644B74E6D32C6639918F8699ECC46473D935390D2DB2FE3A99D95312F0693F958A714FFBC9D440C676A6D3F29A0CDF61765228DE095A10F5D95256C12C21082BBE4F06485474A73D80EA48B73D7034655506A6AF32D306D65D716E9426AC9A74F7572731EE9511B136E33E3F51E836EE1532D4EE8179C6CF7A072DF7805A26F3369FF1C03A6E02B53CBBD96502A0504500DB60223B50E90609B988EDCEE5E5A12A2D4575D03A5A9F65A192F6DD2489F918F48CB4D476DC32FDC69C91427DB758F355B7C498A59EF2EE985A52FD4E9C96A46256D4492A1E8ED3628A4FE632AA3B4BCCBE5F7591693CB0E671CD0E7095C5644D002B2F37F6C67CA46EE86B6EEF38AFDBCDE93F449F0841593E4B557B159CE582B0F32220DACC672F4448F32CAE532E61CEDCC56B8A60B84F32EC2F7E0F2E021F927D6E99E11644FE134C51FE42DD3D3A383CE278F1A7C3513F4B532F900494E544F56C8F4D9535DE8F6477A86EB0EC9733F79F598953E7E61F5FB2427BCE7D82FBECD43970FED503D37CF40D24CB6720632B1715A88BB35AF05402FDD03C68E3AD433025D4B6B16AA028329F837442097179175672A9D48C60A196DA9E84FCD147BD1090975AFE29042F7FB6554D4A32DE49A28448BC2F79BD98504514DE46969224DCC33F11478464D2583969781BD59484E1D9BCD8912EDC7C7E2B4B669FF79C9BF453E4FFBEC1090FD81ADC2CC78DACBE18F12481D021E6B9CCCE8D1C619D8807ADDC4C5EB4838B11B51178823B0D74910BD8425C0BBEDF168818957DD7AAB7EBE2BDF6B8C8CBDB46AB81963A0D51D11F9280B5B7D595845FB537D963CE62ED49555B80677042D2B13D024B536AA54D5E74889E159F06EEEA7240E4106DB554E4F843ED76AF45E15E61C4F38ACA96D3F6BCA28AEDDC4957DA50E447AFC6D186BCA845BCC1926773706057ADEF7BFBDEDC33EDB82D7FB4884713EA48A3B7BF05EB9B7C7102643A929788E3532C0EF99C567715696A54395D8914FBA2B1A3DE9B8EC75737044874D78D7E44E2C3FF03640880EC2A51E1C4DC55F1347D7C3AC2A1DD95EA06DDC4DD9515E9E0C4B096BFF81F9D5B7068A429EE6F4C0D68361482938319CD51D2929D6957A0A57DEBB69B6480D3C353F68CD796396E571024BF8DBA8B647FF9C3F24159F9C6C088EA3EE668C8D809F23E83FED1D2CC8FE4524CFB605837B283147C5361DD1B73E9DB7087781AEBDED169F5449603BE4F8BABC6E215573D5D5E7E17F8CCF51E63DCFB79A85CC3DF2156C42F7EC4DAF81CD22AB3FF474B4EE9C2572989560B954AF2E8AB55909CF17553B12DA14E2A4D569786F64AD7C222C0A16D619147DF42059994AEEE7CD86BABCEB3E86B963396F01567CE4FA82BFB2A132FA5861164E68B2D516AFE5D2A574EB9A3325383899ACC2337CDC81C832C998F9E1853E94F9891A978D12DF8AAC9530AB6368D3071706F95B7668AAD7106EE9029B6470AD8CB5061A678C523E8FE8DB22D0EC05E4C424FABF237C03D18642B9C7F3D19435CC0F14C50DD0DD003C35F5FCDA59C7FF5B0B89F0676A3F6A3D70FD403D2E19BD223819F8182834371CB0C7DD2A944368D0C32215930F2898F3CF1D67213910B84F9AF4B98FAAB5AC41CCB8CE092D95456796EA2A7B8DCDB721A9559B85B5AB710010FEF38C93CF00496082793A7389997CE9E379007618FD0BB89EE3768BD41B8C9307C0C98CBE2648FACAB3FA31D64759EDFAFC9AFB48F2660357D72E7F23E7AB7F103AFD2FB5A721F4C21826CBE8B9BAEA42F11B9F1BA7AAD24DDC591A1A0C27C55CCE00186EB000B4BEFA305F806DBE886E1F71EAEC0F2B5BE3DAF12D2DC11ACD9E7973E5825204C0B197579FC1363D80B5F7EFE1FE981AAA1E19B0000, N'6.1.3-40302')
GO
INSERT [dbo].[__MigrationHistory] ([MigrationId], [ContextKey], [Model], [ProductVersion]) VALUES (N'201611150924028_AddNotification', N'GigHub.Migrations.Configuration', 0x1F8B0800000000000400ED5DDB6E1CB9117D0F907F68CC53126835B2142F36C668175EC9DA15624986475EE44DA0A629A9B17D99EDE6782504F9B23CE493F20B219B7DE1BDC9BE8F101830344DB2582C1E92451659F5DF7FFF67F5C373147A5F619A05497CBA787378B4F060BC49FC207E3C5DECD0C337DF2D7EF8FE8F7F587DF0A367EF9732DF09C9874BC6D9E9E209A1EDBBE532DB3CC108648751B049932C7940879B245A023F591E1F1DFD6DF9E6CD1262120B4CCBF3569F77310A2298FFC03FCF927803B76807C2ABC48761567CC729EB9CAA770D22986DC1069E2E7E0A1E7FDEDD1FD28C0BEF7D1800CCC41A860F0B0FC4718200C22CBEFB92C1354A93F871BDC51F4078FBB28538DF03083358B0FEAECE6EDB8AA363D28A655DB024B5D96528891C09BE3929C4B2148BB712EEA2121B16DC072C60F4425A9D0BEF74F11E2118FB000B7AE189D5BD3B0B53925590EE615DE6C0A3290715063054C8BF03EF6C17A25D0A4F63B84329080FBC4FBBFB30D8FC1DBEDC26BFC2F834DE8521CB1A660EA7711FF0A74F69B285297AF90C1F0A86718597FEC25B36E7A46C4228675F2DC5AAAAE27C2DB4F597313A395E78D79863701FC20A2E4B2309B67A4A07230F8F9F8577059E3FC2F8113DE19175FCDDC2BB089EA15F7E29687F89033CDC702194EE6073DDD7E06BF098779A868B85F719867986EC29D8D291C174E45D9DEF224DA2CF49C861A34ABE5B27BB9460E536D1E7B905E92344F63C626137B19767517286534C4C9164153FAB653D14CC0364BBC5B0CD59C39347EA304AF882130C9536C01F05AD429DE47F53AD474743D4FA21024168A8F6F8EDB756D55AD48217B287208D6025DB1F138C53103BF3FC0964D9EF49EAFF0CB22703EBF8CF1E585FC3CD2EC583618D40B41DBCB64F4F490CAF77D13D1963E3D5D55BD7DCFE9E5C800D4AD20F3129D599DEC764F36BB2431F62FF1C20F8056D4A82E4E76D10D913E8859DF79B0DCCB20B0C66E89F25584FEBB6389219B161D8DB8EBFD64BE35908822853AF3CFCDC7D5766655620650E79255267735D212F92304C7E87D08E5B26B79EE12A5323CF75CE966CA74E6CA7366CA7D66CA7EE6C7F4C1E83D88EE732AB9E619AA391DB229B2BAB84981DA7454E3DA37986463E69AE4E1AD5A50FF34F845E3E1E4C3AD555B5B5799F6DAF213A2C4B1F52BA1729A68997C45F0F25B2079E75E15A293BB655CA4EDEDC3F9C7CF7F65BE09F7CFB5778F2767C054D37F332625CE3F508FE046398E245C3FF04B05E9CC6750FD8CCD253288479F7914A07D704F29A7E01E1AEEFAAAC47039DA6F22A6D7716559109F614E5AC6AB9072FD78E364867AB1A1B812CDFD36DDE4B2E86583ECB29BC79F92C9704D7557F085DC5926BA8E6BAD51295AFCCFD2F5139D9F92F51399BF8F3D7C0273D6A31E4CBCC98BC55FE7291719D1E04CEC69E21B8668E5DF9380B73ABE142C665FFA385509DFF60514359999534A80DEAA752C94A7E6782B8FC3CD8565FC2BFF6EEF47578E5FE323B2327E47D9C0DA528C8D014A8ACCFC2C4B3314742BFC0D8B805387EFB7608FE71EFA5CCB0FAF10575B2F5E4FDA054BB8819A44CAEF5ACFAABB4EF67929CCD39A4515A2E8A549E89FCA392079AD2E9BCA1A8D17AB620D9F76EBEB0838E9BE1A517D05B77D3758282874297B7EF2DB6D4DE75DAF0937C6F1324771A43C6322B789AE848F1260DB0020F423D8B76E59BA6EE960745CED66A5620A2BD5A4C93A63A29432F27ACFDEBE2FBA187BF12C3F7E01630B299505B0FD8FEBE2BB2D570965325402BB27482746E306CB54288252758251CF6852CA7FBB43F14F9EE621CBECC3E43E0BE2BD1C29CC78D02ED2244EEF81235F08D19A53160CEEDAA56D3DB4736DCD39C06AEF3A3D2466EF35C6E83761769143AAA215C66172178ACEF5BB651F2487AD7218CB1EEC3347CC16383C529DF115790DC0FA917FD7AB79CDB8BF04892FA4E2CF265EB13ADAD2A71DC58E22C855C891359F254C6ECC7F759966C825C3AEA4B6BE5FD05BEEE0FB1EFD95D66A8B53EE936DC15967740BE613C10918833DC4D7C8E8586A0F77E432FC09E816C037C79F4E296F98EFC55C6809A3F856D99E7F02F52C578EE85292905C83DAD0CA32688913C5107F126D882D04A6242694B1D8508A1AA474C39875B72B932465622B16140BB282DABBA841E6A92D46AC920D10DA0B519C816038AFB2B0E30154160538F026E8CF1761498498D9E006992406C78309A8D27045CEA0CB87424C0A573025C3A03C0A56D00A7B0B14C04B8E2A6982D0AC46B63735B8285FB6A9A25B8B09D8F02555E6213E09417C9DE2DC1F482A06DFF0BB705E7064FFE9AA2069DF4786C147072E29A009B9C3CE60F4DC5BB246DCF9B1E2931B064DEB935F5B899B802546362BE1D1CF5ED18038CFA2EB2A95DFF8E6F243832C6531D505496D41A1FB935C01E750ADBEB3E814D667F048CC91D6005ADEAE6C264C0A2D669131404E3782758F1E67496163592CF114B1CCF23418993B94D9DD54D8EA9174C020A8BE58C3342F6B84CB2B64B3354E53D71D7A58DA97BDC558D11A61556344FD8C7408A64A5D6F5A9DE64ADBE03E08217ADB5BB09317D4D470E0253584275CD329945E51D886AF731D0EEC8608C1D7F6BA497D20883562F099BCAD59776471AB96623A5AEEB2D2D96350A6443BBFDB8B633785A4E20D32B1F56CD1901B4567D68C387F972C15438CE7731D690E26DD703E196337D7739E6EF07772C3B53E08D95F9CC0E8FE84D045C06E11295259DE9A7F37B92089F91E2BA01E6B3B8719015D75E448410E26B8824353B5B78F51D0885EE2C418D2754DCA8924988F86AA02399BB55441536F106B2959549458E31413970573E94377257980B1CC816AFDA8D54A92ED34014AB9B2A3AB916DA54946CFD9485E99EBAA1383BD25454F849AD8158933CAC64218E7F154179BA158832E39519401ABF1A4C66B3070E7142B1BEC352B5B11A7CD2E4647DDF84A1A51A80A232C24BA285949837B2CD82D2DCA430B64FBE4BD1495CF29509861C3BB70C25A9D44552E286CEA66969BF924AC79754391F378B4965B836364A305D7712906066D68CBCB231BD4BA9984E9B85A4309E1ADBC59B4F3B898837756A245434A4BB80541E0315E26932E0E98E0F25131ED31E4EFB3209C860B46B92740B91B04FEB6449E86C474DD6238651AA9A181AACB0170DD4CE42A351375361C968B065B83692B75EB0A50B15AC4F7CE7AA9F11DAD2F1A9CD617B3740B387A50DD26BD17AF90993DC7EF301B2DD1132C3B9A0671AA4A03D34EE5F0EAAD72FB2249A4E866DCF8619FE95D3B4ED51EEC0537FC32309593E0E07962D8E2C8519CE1E47768794B610ED439074AB6F2140F9A4CCE1ACAC3F8171A7631D569AF21D49757A53A5AD96D4C377F161B5D4B8025F5D81ED9668C875C9E28BB7A67EC1CFBE59BB7BCD8E288DE5861BD1E2595355134A52F00885545C35E6F4224833740E10B807E4C1CB991F49D99467559A0D7A59A57C1C25775FB9612FCB90BFAB955CE9CD5B71B65714BEC00D8CC80161FE1C59B984C9853DE2A71D842055FBD63E4BC25D141B2DA27A1AEC9D209690E9AE10C191D01EE97C52129B6458E07BC2AA9F746B83750F09A7822DBAA989824ECEA27CDD7A89BE6F65CBD32FF6140A27CD2C89E293230DC6CFAF448C49B3A7CABB626669F229F614057FCB2C4921C9814BD6AB32C7249BD08A9E46A2EA1CF635C87E9459EA72AA3D6585476596B422B9056D05CF629AC32C273B5DE6263B39D99E76BEAA4BE3B3FE3A9BD95371C4DA7E2A956D21EE93A9058D61A6D3D2AC2676981B15C6B92A4B88F9EC48AB709F2A112BBECF0648CC796A7B00D5D62F77E018CAEA04CCBE9B63056C7A4FD7484DD29A4C8FA56631EEB567D06DC63DB532761BF71A1AFAE581F355C9AF0E46079B7A9A9C034A6E053639E0D4D3739B5D66000ADD997B1B4CE476D16E90509318762E2F2FA4B1547497D426EBB3FC50AE7D3729CE182D7A46596A98659975A4C85161BE3BE87CD593044ED5D33E54D053AA1D69B19474EEB54C940A175B2C99E2933D8DEA823CB7EFD7DD9A9F0EACD492D001AE2A2B880D60D5E5A6DE984FD40DFCE964FBDE301D395B748AB9F8307DD3DFB095957C57FD5EF6D1C7529353DD292BA61621693698EC4BDFE8A86BB8E919AF7C9E902D19EDFB47BAD2E6DE47CD2486D507C50BDE5CCF355CFE3660A8F0C7C62B37F4DBF848E0CD49FA65831AB06D16069AD365EE27D63183E8CD2FD1ACC629A1A0BE42CD54DD822BED2DEED6B3879E23D1F42777A7640114B35460AA2C8182C56F5558DF9A23044BE6389A65E195FBE5D3C5FA2543303A24190ED7BF85676100C9A16A99E10AC4C103CC10F524B7383E7A732C441A9E4FD4DF6596F99CAF4A63E85FBEDBE61A8737885597F82F31EDE7D3C53FF312EFBCCB7FDCE5850EBC9B14F7D93BEFC8FB570FB17BE3AF20DD3C0155FC579981BA38CF85E886B31FC7D946E3DE180E736BD93835502649950B1351120AB64B9C5725D5DCCF6E4DB57D58D7FB00F512D2B5E4F24F1178FEB32B6BCAB0AD9D282A42B3F645AF1711EA42AFB6A1A50DBB4A3C7922C173BA4D63D56158DBB0A60DC19ACF8B1D03B0DACF6F65C9FCF38177997D8983DF7638E1164B4398E58491D5578C2185D56D8C792E9773A343FE4EA19C9C96195AB4C312237323455EEC34D0E5E88A0EE45A44506C818849E3193AF5765DBCD71E97231DB6E16A2455A7C104F72A43DAF5A65D7D9223D6F5467BCA59AC7D98BA16E0D13E6DB6F516E1EAC27FEA15A16C450B6E68D1317A567664B3AFEA801C95AD95AA28446473DBBD16857B859118E547A54EBB476AD36CE7DE760DC48682F8C5FAB4811675386F708C5C363AB0ABD6F7BD7D6FEE9976D1C25EC7D0EF6D88B0FA7B9B7ED445E66ABB055646EAEAB4B1284FC79DCF05EF8619A87ADBDC2B387F6B922C69F4040702665BDBCC03334DADD5A9C335D90E24BE74A793763ED653B3AEA38347DF317066E0D35CE1B7C7ECD5670C4FE6633AE9335DD29FD4E9D400F16CFA8A26C2786752FB6C7A2D20315DC4773CE6DB8BF833FF07C81800D9D77831335BAE0A476E66376FAF0568366F4B66BE5C39C57E9919D6A84B3BA3EFBFD78834CD2DD2B901CD2592CBEC60C67AF46499717092BF2FD0327A8170B9D33512B02C62B2CC0F4FD58D5497001EFB8220F53B2D0574661F73853A39931DB9BE328CE85E2A4D868CBD88A162D13FC6689F132D29B67D30EE32B2179150AC7A7C90B980F7B0C6B0E0E6E87ECE80697870A3848CE661C4089869190C662EF15FA6DC2E35BC7E9BC75E690F03BCB49A2306C2996492EB16A0A315CE9C27949E8365BCD6402C031D47CF0132136C965AA166C4931CE1595E799F5BF26829766BF17A527E61660E97429FE29D2EFCFB0403801A7F0DDE91E58A4400CAB58939945566DB6B88D46E4CC52A15F657A952451E73B59A101262DD8CB546AA934953D565082A606A6171646F6C6191C7DC428DAB7E53DD542931564DB3986B56FB41162BCE957BA92EFA4058415EE9705AA2498F0F64AAF4BB92AEDAA1B948999F1CA50AF864553D66DFC6BA5E69E891A6DEB0EB0979F2972A94B3A82A6DF4763C75AC1ADE29BC39049456AFE7E6208D9F4249979B7D689AD6A291A648C103DF60A2182CF6CC1E8962B8E032BD0C156E31D3B8F6EB5F2843C592E94524EC8CAEF66CD7834006891DD39330645555F46FDE5D003D448AE9ABB98C9A53B9CBEBA781DD42C4B09A12E3166DFCA6F41808C682C1D1A1D873A417D726AAF43AD9E94EF7660E1CC8453963AA66CB49E75DF3B9628F815B5AF56AC3691043454EEC5F3474E2EC1E8AA5AF797A288138845E911D2CAD969F77317908447F9DC32C78AC49AC30CD186EB813A52ACF65FC9094075B02476516E181C01544C0070890A5F1016C104E266E3072C535772D409CB1DC43FF32BED9A1ED0EE126C3E83EE41E6A93033253FD797C199EE7D5CD36DF2BF6D104CC6640DE4EDDC43FEE82D0AFF8BE503C6FD09020276FC55333D297883C397B7CA9285D27B125A1427CD581E12D8CB6212696DDC46BF015B6E10DC3F0237C049B97FAE5BA8E487347F0625F9D07E031055156D0A8CBE39F18C37EF4FCFDFF007EC147C9AFC40000, N'6.1.3-40302')
GO
